/*
 Navicat MySQL Data Transfer

 Source Server         : preOnline
 Source Server Type    : MySQL
 Source Server Version : 100307
 Source Host           : 47.52.145.33:3306
 Source Schema         : chart

 Target Server Type    : MySQL
 Target Server Version : 100307
 File Encoding         : 65001

 Date: 25/03/2019 16:49:24
*/

SET NAMES utf8mb4;
SET FOREIGN_KEY_CHECKS = 0;

-- ----------------------------
-- Table structure for admin_config
-- ----------------------------
DROP TABLE IF EXISTS `admin_config`;
CREATE TABLE `admin_config`  (
  `id` int(10) UNSIGNED NOT NULL AUTO_INCREMENT,
  `name` varchar(191) CHARACTER SET utf8mb4 COLLATE utf8mb4_unicode_ci NOT NULL,
  `value` varchar(191) CHARACTER SET utf8mb4 COLLATE utf8mb4_unicode_ci NOT NULL,
  `description` text CHARACTER SET utf8mb4 COLLATE utf8mb4_unicode_ci NULL,
  `created_at` timestamp(0) NULL DEFAULT NULL,
  `updated_at` timestamp(0) NULL DEFAULT NULL,
  PRIMARY KEY (`id`) USING BTREE,
  UNIQUE INDEX `admin_config_name_unique`(`name`) USING BTREE
) ENGINE = InnoDB AUTO_INCREMENT = 2 CHARACTER SET = utf8mb4 COLLATE = utf8mb4_unicode_ci ROW_FORMAT = Dynamic;

-- ----------------------------
-- Records of admin_config
-- ----------------------------
INSERT INTO `admin_config` VALUES (1, 'notifyUrl', 'https://51pphzp.com/payment/vpay/notify', '异步通知地址', '2019-01-25 13:31:26', '2019-01-28 16:49:43');

-- ----------------------------
-- Table structure for admin_menu
-- ----------------------------
DROP TABLE IF EXISTS `admin_menu`;
CREATE TABLE `admin_menu`  (
  `id` int(10) UNSIGNED NOT NULL AUTO_INCREMENT,
  `parent_id` int(11) NOT NULL DEFAULT 0,
  `order` int(11) NOT NULL DEFAULT 0,
  `title` varchar(50) CHARACTER SET utf8mb4 COLLATE utf8mb4_unicode_ci NOT NULL,
  `icon` varchar(50) CHARACTER SET utf8mb4 COLLATE utf8mb4_unicode_ci NOT NULL,
  `uri` varchar(50) CHARACTER SET utf8mb4 COLLATE utf8mb4_unicode_ci NULL DEFAULT NULL,
  `permission` varchar(191) CHARACTER SET utf8mb4 COLLATE utf8mb4_unicode_ci NULL DEFAULT NULL,
  `created_at` timestamp(0) NULL DEFAULT NULL,
  `updated_at` timestamp(0) NULL DEFAULT NULL,
  PRIMARY KEY (`id`) USING BTREE
) ENGINE = InnoDB AUTO_INCREMENT = 11 CHARACTER SET = utf8mb4 COLLATE = utf8mb4_unicode_ci ROW_FORMAT = Dynamic;

-- ----------------------------
-- Records of admin_menu
-- ----------------------------
INSERT INTO `admin_menu` VALUES (1, 0, 1, 'Index', 'fa-bar-chart', '/', NULL, NULL, NULL);
INSERT INTO `admin_menu` VALUES (2, 0, 2, 'Admin', 'fa-tasks', '', NULL, NULL, NULL);
INSERT INTO `admin_menu` VALUES (3, 2, 3, 'Users', 'fa-users', 'auth/users', NULL, NULL, NULL);
INSERT INTO `admin_menu` VALUES (4, 2, 4, 'Roles', 'fa-user', 'auth/roles', NULL, NULL, NULL);
INSERT INTO `admin_menu` VALUES (5, 2, 5, 'Permission', 'fa-ban', 'auth/permissions', NULL, NULL, NULL);
INSERT INTO `admin_menu` VALUES (6, 2, 6, 'Menu', 'fa-bars', 'auth/menu', NULL, NULL, NULL);
INSERT INTO `admin_menu` VALUES (7, 2, 7, 'Operation log', 'fa-history', 'auth/logs', NULL, NULL, NULL);
INSERT INTO `admin_menu` VALUES (8, 0, 8, '系统配置', 'fa-toggle-on', 'config', NULL, '2019-01-25 13:24:38', '2019-02-08 16:50:06');
INSERT INTO `admin_menu` VALUES (10, 0, 0, '线上充值列表', 'fa-bars', 'online-pay', NULL, '2019-02-13 13:53:14', '2019-03-25 11:54:27');

-- ----------------------------
-- Table structure for admin_operation_log
-- ----------------------------
DROP TABLE IF EXISTS `admin_operation_log`;
CREATE TABLE `admin_operation_log`  (
  `id` int(10) UNSIGNED NOT NULL AUTO_INCREMENT,
  `user_id` int(11) NOT NULL,
  `path` varchar(191) CHARACTER SET utf8mb4 COLLATE utf8mb4_unicode_ci NOT NULL,
  `method` varchar(10) CHARACTER SET utf8mb4 COLLATE utf8mb4_unicode_ci NOT NULL,
  `ip` varchar(191) CHARACTER SET utf8mb4 COLLATE utf8mb4_unicode_ci NOT NULL,
  `input` text CHARACTER SET utf8mb4 COLLATE utf8mb4_unicode_ci NOT NULL,
  `created_at` timestamp(0) NULL DEFAULT NULL,
  `updated_at` timestamp(0) NULL DEFAULT NULL,
  PRIMARY KEY (`id`) USING BTREE,
  INDEX `admin_operation_log_user_id_index`(`user_id`) USING BTREE
) ENGINE = InnoDB AUTO_INCREMENT = 495 CHARACTER SET = utf8mb4 COLLATE = utf8mb4_unicode_ci ROW_FORMAT = Dynamic;

-- ----------------------------
-- Records of admin_operation_log
-- ----------------------------
INSERT INTO `admin_operation_log` VALUES (1, 1, 'admin', 'GET', '127.0.0.1', '[]', '2019-01-22 22:49:33', '2019-01-22 22:49:33');
INSERT INTO `admin_operation_log` VALUES (2, 1, 'admin', 'GET', '127.0.0.1', '[]', '2019-01-22 22:52:03', '2019-01-22 22:52:03');
INSERT INTO `admin_operation_log` VALUES (3, 1, 'admin', 'GET', '127.0.0.1', '[]', '2019-01-23 10:52:58', '2019-01-23 10:52:58');
INSERT INTO `admin_operation_log` VALUES (4, 1, 'admin', 'GET', '127.0.0.1', '{\"_pjax\":\"#pjax-container\"}', '2019-01-23 10:53:09', '2019-01-23 10:53:09');
INSERT INTO `admin_operation_log` VALUES (5, 1, 'admin/auth/users', 'GET', '127.0.0.1', '{\"_pjax\":\"#pjax-container\"}', '2019-01-23 10:54:37', '2019-01-23 10:54:37');
INSERT INTO `admin_operation_log` VALUES (6, 1, 'admin/auth/roles', 'GET', '127.0.0.1', '{\"_pjax\":\"#pjax-container\"}', '2019-01-23 10:54:39', '2019-01-23 10:54:39');
INSERT INTO `admin_operation_log` VALUES (7, 1, 'admin/auth/roles', 'GET', '127.0.0.1', '[]', '2019-01-23 10:57:42', '2019-01-23 10:57:42');
INSERT INTO `admin_operation_log` VALUES (8, 1, 'admin/auth/roles', 'GET', '127.0.0.1', '[]', '2019-01-23 10:58:29', '2019-01-23 10:58:29');
INSERT INTO `admin_operation_log` VALUES (9, 1, 'admin/auth/logout', 'GET', '127.0.0.1', '{\"_pjax\":\"#pjax-container\"}', '2019-01-23 10:59:26', '2019-01-23 10:59:26');
INSERT INTO `admin_operation_log` VALUES (10, 1, 'admin', 'GET', '127.0.0.1', '[]', '2019-01-23 11:03:11', '2019-01-23 11:03:11');
INSERT INTO `admin_operation_log` VALUES (11, 1, 'admin/auth/users', 'GET', '127.0.0.1', '{\"_pjax\":\"#pjax-container\"}', '2019-01-23 11:21:21', '2019-01-23 11:21:21');
INSERT INTO `admin_operation_log` VALUES (12, 1, 'admin/auth/roles', 'GET', '127.0.0.1', '{\"_pjax\":\"#pjax-container\"}', '2019-01-23 11:21:24', '2019-01-23 11:21:24');
INSERT INTO `admin_operation_log` VALUES (13, 1, 'admin/auth/permissions', 'GET', '127.0.0.1', '{\"_pjax\":\"#pjax-container\"}', '2019-01-23 11:21:28', '2019-01-23 11:21:28');
INSERT INTO `admin_operation_log` VALUES (14, 1, 'admin/auth/menu', 'GET', '127.0.0.1', '{\"_pjax\":\"#pjax-container\"}', '2019-01-23 11:21:40', '2019-01-23 11:21:40');
INSERT INTO `admin_operation_log` VALUES (15, 1, 'admin/auth/users', 'GET', '127.0.0.1', '{\"_pjax\":\"#pjax-container\"}', '2019-01-23 11:22:12', '2019-01-23 11:22:12');
INSERT INTO `admin_operation_log` VALUES (16, 1, 'admin', 'GET', '127.0.0.1', '[]', '2019-01-23 20:36:41', '2019-01-23 20:36:41');
INSERT INTO `admin_operation_log` VALUES (17, 2, 'admin', 'GET', '127.0.0.1', '[]', '2019-01-24 09:53:49', '2019-01-24 09:53:49');
INSERT INTO `admin_operation_log` VALUES (18, 1, 'admin', 'GET', '116.93.12.50', '[]', '2019-01-24 16:59:31', '2019-01-24 16:59:31');
INSERT INTO `admin_operation_log` VALUES (19, 1, 'admin/auth/users', 'GET', '116.93.12.50', '{\"_pjax\":\"#pjax-container\"}', '2019-01-24 16:59:40', '2019-01-24 16:59:40');
INSERT INTO `admin_operation_log` VALUES (20, 1, 'admin/auth/roles', 'GET', '116.93.12.50', '{\"_pjax\":\"#pjax-container\"}', '2019-01-24 16:59:41', '2019-01-24 16:59:41');
INSERT INTO `admin_operation_log` VALUES (21, 1, 'admin/auth/permissions', 'GET', '116.93.12.50', '{\"_pjax\":\"#pjax-container\"}', '2019-01-24 16:59:42', '2019-01-24 16:59:42');
INSERT INTO `admin_operation_log` VALUES (22, 1, 'admin', 'GET', '116.93.12.50', '[]', '2019-01-24 17:28:39', '2019-01-24 17:28:39');
INSERT INTO `admin_operation_log` VALUES (23, 1, 'admin', 'GET', '116.93.12.50', '{\"_pjax\":\"#pjax-container\"}', '2019-01-24 17:28:47', '2019-01-24 17:28:47');
INSERT INTO `admin_operation_log` VALUES (24, 2, 'admin', 'GET', '127.0.0.1', '[]', '2019-01-25 11:35:41', '2019-01-25 11:35:41');
INSERT INTO `admin_operation_log` VALUES (25, 2, 'admin', 'GET', '127.0.0.1', '[]', '2019-01-25 13:26:49', '2019-01-25 13:26:49');
INSERT INTO `admin_operation_log` VALUES (26, 2, 'admin/config', 'GET', '127.0.0.1', '{\"_pjax\":\"#pjax-container\"}', '2019-01-25 13:26:52', '2019-01-25 13:26:52');
INSERT INTO `admin_operation_log` VALUES (27, 2, 'admin/config/create', 'GET', '127.0.0.1', '{\"_pjax\":\"#pjax-container\"}', '2019-01-25 13:27:04', '2019-01-25 13:27:04');
INSERT INTO `admin_operation_log` VALUES (28, 2, 'admin/config', 'POST', '127.0.0.1', '{\"name\":\"notifyUrl\",\"value\":\"http:\\/\\/sms.ay728.com\\/api\\/receiveNotify\",\"description\":\"\\u5f02\\u6b65\\u901a\\u77e5\\u5730\\u5740\",\"_token\":\"b2v5krJjDTUzudnzfpElb2yy5oK4foU9TGTeSKG6\",\"_previous_\":\"http:\\/\\/www.alipayqrcode.local\\/admin\\/config\"}', '2019-01-25 13:31:26', '2019-01-25 13:31:26');
INSERT INTO `admin_operation_log` VALUES (29, 2, 'admin/config', 'GET', '127.0.0.1', '[]', '2019-01-25 13:31:27', '2019-01-25 13:31:27');
INSERT INTO `admin_operation_log` VALUES (30, 2, 'admin/config/1/edit', 'GET', '127.0.0.1', '{\"_pjax\":\"#pjax-container\"}', '2019-01-25 13:33:14', '2019-01-25 13:33:14');
INSERT INTO `admin_operation_log` VALUES (31, 1, 'admin', 'GET', '222.127.22.36', '[]', '2019-01-25 13:36:07', '2019-01-25 13:36:07');
INSERT INTO `admin_operation_log` VALUES (32, 1, 'admin', 'GET', '222.127.22.36', '{\"_pjax\":\"#pjax-container\"}', '2019-01-25 13:36:12', '2019-01-25 13:36:12');
INSERT INTO `admin_operation_log` VALUES (33, 1, 'admin/auth/users', 'GET', '222.127.22.36', '{\"_pjax\":\"#pjax-container\"}', '2019-01-25 13:36:22', '2019-01-25 13:36:22');
INSERT INTO `admin_operation_log` VALUES (34, 1, 'admin/auth/roles', 'GET', '222.127.22.36', '{\"_pjax\":\"#pjax-container\"}', '2019-01-25 13:36:24', '2019-01-25 13:36:24');
INSERT INTO `admin_operation_log` VALUES (35, 1, 'admin/auth/permissions', 'GET', '222.127.22.36', '{\"_pjax\":\"#pjax-container\"}', '2019-01-25 13:36:25', '2019-01-25 13:36:25');
INSERT INTO `admin_operation_log` VALUES (36, 1, 'admin', 'GET', '222.127.22.36', '{\"_pjax\":\"#pjax-container\"}', '2019-01-25 13:36:30', '2019-01-25 13:36:30');
INSERT INTO `admin_operation_log` VALUES (37, 1, 'admin', 'GET', '222.127.22.36', '{\"_pjax\":\"#pjax-container\"}', '2019-01-25 13:36:55', '2019-01-25 13:36:55');
INSERT INTO `admin_operation_log` VALUES (38, 1, 'admin', 'GET', '116.93.12.50', '[]', '2019-01-25 13:43:08', '2019-01-25 13:43:08');
INSERT INTO `admin_operation_log` VALUES (39, 1, 'admin/config', 'GET', '116.93.12.50', '{\"_pjax\":\"#pjax-container\"}', '2019-01-25 13:43:11', '2019-01-25 13:43:11');
INSERT INTO `admin_operation_log` VALUES (40, 2, 'admin', 'GET', '127.0.0.1', '{\"_pjax\":\"#pjax-container\"}', '2019-01-25 14:58:05', '2019-01-25 14:58:05');
INSERT INTO `admin_operation_log` VALUES (41, 2, 'admin/config', 'GET', '127.0.0.1', '{\"_pjax\":\"#pjax-container\"}', '2019-01-25 14:58:07', '2019-01-25 14:58:07');
INSERT INTO `admin_operation_log` VALUES (42, 1, 'admin', 'GET', '222.127.22.36', '[]', '2019-01-28 09:49:05', '2019-01-28 09:49:05');
INSERT INTO `admin_operation_log` VALUES (43, 1, 'admin/auth/users', 'GET', '222.127.22.36', '{\"_pjax\":\"#pjax-container\"}', '2019-01-28 09:49:11', '2019-01-28 09:49:11');
INSERT INTO `admin_operation_log` VALUES (44, 1, 'admin', 'GET', '222.127.22.36', '{\"_pjax\":\"#pjax-container\"}', '2019-01-28 09:49:14', '2019-01-28 09:49:14');
INSERT INTO `admin_operation_log` VALUES (45, 1, 'admin/config', 'GET', '222.127.22.36', '{\"_pjax\":\"#pjax-container\"}', '2019-01-28 09:49:15', '2019-01-28 09:49:15');
INSERT INTO `admin_operation_log` VALUES (46, 2, 'admin/config', 'GET', '127.0.0.1', '[]', '2019-01-28 16:15:08', '2019-01-28 16:15:08');
INSERT INTO `admin_operation_log` VALUES (47, 2, 'admin/config/1/edit', 'GET', '127.0.0.1', '{\"_pjax\":\"#pjax-container\"}', '2019-01-28 16:15:14', '2019-01-28 16:15:14');
INSERT INTO `admin_operation_log` VALUES (48, 2, 'admin/config/1', 'PUT', '127.0.0.1', '{\"name\":\"notifyUrl\",\"value\":\"https:\\/\\/51pphzp.com\\/payment\\/vpay\\/notify\",\"description\":\"\\u5f02\\u6b65\\u901a\\u77e5\\u5730\\u5740\",\"_token\":\"ftrulHUkBruXFafimPXYOUuF63Son6B9ReUgY9dU\",\"_method\":\"PUT\",\"_previous_\":\"http:\\/\\/www.alipayqrcode.local\\/admin\\/config\"}', '2019-01-28 16:49:43', '2019-01-28 16:49:43');
INSERT INTO `admin_operation_log` VALUES (49, 2, 'admin/config', 'GET', '127.0.0.1', '[]', '2019-01-28 16:49:43', '2019-01-28 16:49:43');
INSERT INTO `admin_operation_log` VALUES (50, 2, 'admin', 'GET', '127.0.0.1', '[]', '2019-01-29 15:53:48', '2019-01-29 15:53:48');
INSERT INTO `admin_operation_log` VALUES (51, 2, 'admin/config', 'GET', '127.0.0.1', '{\"_pjax\":\"#pjax-container\"}', '2019-01-29 15:53:50', '2019-01-29 15:53:50');
INSERT INTO `admin_operation_log` VALUES (52, 1, 'admin', 'GET', '222.127.22.36', '[]', '2019-01-30 12:33:06', '2019-01-30 12:33:06');
INSERT INTO `admin_operation_log` VALUES (53, 1, 'admin/config', 'GET', '222.127.22.36', '{\"_pjax\":\"#pjax-container\"}', '2019-01-30 12:33:10', '2019-01-30 12:33:10');
INSERT INTO `admin_operation_log` VALUES (54, 1, 'admin', 'GET', '203.90.246.94', '[]', '2019-01-30 16:26:12', '2019-01-30 16:26:12');
INSERT INTO `admin_operation_log` VALUES (55, 1, 'admin/config', 'GET', '203.90.246.94', '{\"_pjax\":\"#pjax-container\"}', '2019-01-30 16:26:32', '2019-01-30 16:26:32');
INSERT INTO `admin_operation_log` VALUES (56, 1, 'admin/auth/users', 'GET', '203.90.246.94', '{\"_pjax\":\"#pjax-container\"}', '2019-01-30 16:26:37', '2019-01-30 16:26:37');
INSERT INTO `admin_operation_log` VALUES (57, 1, 'admin/auth/roles', 'GET', '203.90.246.94', '{\"_pjax\":\"#pjax-container\"}', '2019-01-30 16:26:40', '2019-01-30 16:26:40');
INSERT INTO `admin_operation_log` VALUES (58, 1, 'admin/auth/permissions', 'GET', '203.90.246.94', '{\"_pjax\":\"#pjax-container\"}', '2019-01-30 16:26:42', '2019-01-30 16:26:42');
INSERT INTO `admin_operation_log` VALUES (59, 1, 'admin/auth/menu', 'GET', '203.90.246.94', '{\"_pjax\":\"#pjax-container\"}', '2019-01-30 16:26:43', '2019-01-30 16:26:43');
INSERT INTO `admin_operation_log` VALUES (60, 1, 'admin', 'GET', '222.127.22.36', '[]', '2019-01-30 17:13:21', '2019-01-30 17:13:21');
INSERT INTO `admin_operation_log` VALUES (61, 1, 'admin/config', 'GET', '222.127.22.36', '{\"_pjax\":\"#pjax-container\"}', '2019-01-30 17:13:22', '2019-01-30 17:13:22');
INSERT INTO `admin_operation_log` VALUES (62, 2, 'admin', 'GET', '127.0.0.1', '[]', '2019-01-31 17:36:36', '2019-01-31 17:36:36');
INSERT INTO `admin_operation_log` VALUES (63, 2, 'admin/config', 'GET', '127.0.0.1', '{\"_pjax\":\"#pjax-container\"}', '2019-01-31 17:36:39', '2019-01-31 17:36:39');
INSERT INTO `admin_operation_log` VALUES (64, 2, 'admin/auth/users', 'GET', '127.0.0.1', '{\"_pjax\":\"#pjax-container\"}', '2019-01-31 17:36:46', '2019-01-31 17:36:46');
INSERT INTO `admin_operation_log` VALUES (65, 2, 'admin/auth/users/create', 'GET', '127.0.0.1', '{\"_pjax\":\"#pjax-container\"}', '2019-01-31 17:36:51', '2019-01-31 17:36:51');
INSERT INTO `admin_operation_log` VALUES (66, 2, 'admin/auth/roles', 'GET', '127.0.0.1', '{\"_pjax\":\"#pjax-container\"}', '2019-01-31 17:37:06', '2019-01-31 17:37:06');
INSERT INTO `admin_operation_log` VALUES (67, 2, 'admin/auth/menu', 'GET', '127.0.0.1', '{\"_pjax\":\"#pjax-container\"}', '2019-01-31 17:37:16', '2019-01-31 17:37:16');
INSERT INTO `admin_operation_log` VALUES (68, 2, 'admin/auth/permissions', 'GET', '127.0.0.1', '{\"_pjax\":\"#pjax-container\"}', '2019-01-31 17:37:19', '2019-01-31 17:37:19');
INSERT INTO `admin_operation_log` VALUES (69, 2, 'admin', 'GET', '127.0.0.1', '[]', '2019-02-08 15:56:26', '2019-02-08 15:56:26');
INSERT INTO `admin_operation_log` VALUES (70, 2, 'admin/auth/menu', 'GET', '127.0.0.1', '{\"_pjax\":\"#pjax-container\"}', '2019-02-08 15:56:38', '2019-02-08 15:56:38');
INSERT INTO `admin_operation_log` VALUES (71, 2, 'admin/config', 'GET', '127.0.0.1', '{\"_pjax\":\"#pjax-container\"}', '2019-02-08 15:56:43', '2019-02-08 15:56:43');
INSERT INTO `admin_operation_log` VALUES (72, 2, 'admin/auth/users', 'GET', '127.0.0.1', '{\"_pjax\":\"#pjax-container\"}', '2019-02-08 15:56:54', '2019-02-08 15:56:54');
INSERT INTO `admin_operation_log` VALUES (73, 2, 'admin/auth/users', 'GET', '127.0.0.1', '{\"_pjax\":\"#pjax-container\"}', '2019-02-08 15:56:56', '2019-02-08 15:56:56');
INSERT INTO `admin_operation_log` VALUES (74, 2, 'admin/auth/roles', 'GET', '127.0.0.1', '{\"_pjax\":\"#pjax-container\"}', '2019-02-08 15:56:58', '2019-02-08 15:56:58');
INSERT INTO `admin_operation_log` VALUES (75, 2, 'admin/auth/roles', 'GET', '127.0.0.1', '{\"_pjax\":\"#pjax-container\"}', '2019-02-08 15:56:58', '2019-02-08 15:56:58');
INSERT INTO `admin_operation_log` VALUES (76, 2, 'admin/auth/permissions', 'GET', '127.0.0.1', '{\"_pjax\":\"#pjax-container\"}', '2019-02-08 15:57:05', '2019-02-08 15:57:05');
INSERT INTO `admin_operation_log` VALUES (77, 2, 'admin/auth/menu', 'GET', '127.0.0.1', '{\"_pjax\":\"#pjax-container\"}', '2019-02-08 15:57:27', '2019-02-08 15:57:27');
INSERT INTO `admin_operation_log` VALUES (78, 2, 'admin/auth/permissions', 'GET', '127.0.0.1', '{\"_pjax\":\"#pjax-container\"}', '2019-02-08 15:57:39', '2019-02-08 15:57:39');
INSERT INTO `admin_operation_log` VALUES (79, 2, 'admin/auth/permissions', 'GET', '127.0.0.1', '{\"_pjax\":\"#pjax-container\"}', '2019-02-08 16:00:57', '2019-02-08 16:00:57');
INSERT INTO `admin_operation_log` VALUES (80, 2, 'admin/auth/permissions', 'GET', '127.0.0.1', '{\"_pjax\":\"#pjax-container\"}', '2019-02-08 16:01:49', '2019-02-08 16:01:49');
INSERT INTO `admin_operation_log` VALUES (81, 2, 'admin/auth/menu', 'GET', '127.0.0.1', '{\"_pjax\":\"#pjax-container\"}', '2019-02-08 16:01:50', '2019-02-08 16:01:50');
INSERT INTO `admin_operation_log` VALUES (82, 2, 'admin/config', 'GET', '127.0.0.1', '{\"_pjax\":\"#pjax-container\"}', '2019-02-08 16:01:59', '2019-02-08 16:01:59');
INSERT INTO `admin_operation_log` VALUES (83, 2, 'admin/auth/menu', 'GET', '127.0.0.1', '{\"_pjax\":\"#pjax-container\"}', '2019-02-08 16:02:05', '2019-02-08 16:02:05');
INSERT INTO `admin_operation_log` VALUES (84, 2, 'admin/auth/menu', 'POST', '127.0.0.1', '{\"parent_id\":\"0\",\"title\":\"\\u77ed\\u4fe1\\u5217\\u8868\",\"icon\":\"fa-bars\",\"uri\":\"sms\",\"roles\":[\"1\",null],\"_token\":\"QTI8lNTLuCge4TARa8WnNe1z4uqRcaGGGbauUWxN\"}', '2019-02-08 16:02:38', '2019-02-08 16:02:38');
INSERT INTO `admin_operation_log` VALUES (85, 2, 'admin/auth/menu', 'GET', '127.0.0.1', '[]', '2019-02-08 16:02:39', '2019-02-08 16:02:39');
INSERT INTO `admin_operation_log` VALUES (86, 2, 'admin/auth/menu/2/edit', 'GET', '127.0.0.1', '{\"_pjax\":\"#pjax-container\"}', '2019-02-08 16:03:04', '2019-02-08 16:03:04');
INSERT INTO `admin_operation_log` VALUES (87, 2, 'admin/auth/menu', 'GET', '127.0.0.1', '{\"_pjax\":\"#pjax-container\"}', '2019-02-08 16:03:18', '2019-02-08 16:03:18');
INSERT INTO `admin_operation_log` VALUES (88, 2, 'admin/auth/permissions', 'GET', '127.0.0.1', '{\"_pjax\":\"#pjax-container\"}', '2019-02-08 16:03:20', '2019-02-08 16:03:20');
INSERT INTO `admin_operation_log` VALUES (89, 2, 'admin/auth/menu', 'GET', '127.0.0.1', '{\"_pjax\":\"#pjax-container\"}', '2019-02-08 16:03:32', '2019-02-08 16:03:32');
INSERT INTO `admin_operation_log` VALUES (90, 2, 'admin/auth/menu/8/edit', 'GET', '127.0.0.1', '{\"_pjax\":\"#pjax-container\"}', '2019-02-08 16:03:36', '2019-02-08 16:03:36');
INSERT INTO `admin_operation_log` VALUES (91, 2, 'admin/auth/permissions', 'GET', '127.0.0.1', '{\"_pjax\":\"#pjax-container\"}', '2019-02-08 16:03:45', '2019-02-08 16:03:45');
INSERT INTO `admin_operation_log` VALUES (92, 2, 'admin/auth/permissions/create', 'GET', '127.0.0.1', '{\"_pjax\":\"#pjax-container\"}', '2019-02-08 16:03:54', '2019-02-08 16:03:54');
INSERT INTO `admin_operation_log` VALUES (93, 2, 'admin/auth/permissions', 'GET', '127.0.0.1', '{\"_pjax\":\"#pjax-container\"}', '2019-02-08 16:03:58', '2019-02-08 16:03:58');
INSERT INTO `admin_operation_log` VALUES (94, 2, 'admin/auth/permissions/create', 'GET', '127.0.0.1', '{\"_pjax\":\"#pjax-container\"}', '2019-02-08 16:04:13', '2019-02-08 16:04:13');
INSERT INTO `admin_operation_log` VALUES (95, 2, 'admin/auth/permissions', 'POST', '127.0.0.1', '{\"slug\":\"admin.sms\",\"name\":\"admin.sms\",\"http_method\":[null],\"http_path\":\"admin\\/sms\",\"_token\":\"QTI8lNTLuCge4TARa8WnNe1z4uqRcaGGGbauUWxN\",\"_previous_\":\"http:\\/\\/www.alipayqrcode.local\\/admin\\/auth\\/permissions\"}', '2019-02-08 16:05:01', '2019-02-08 16:05:01');
INSERT INTO `admin_operation_log` VALUES (96, 2, 'admin/auth/permissions', 'GET', '127.0.0.1', '[]', '2019-02-08 16:05:01', '2019-02-08 16:05:01');
INSERT INTO `admin_operation_log` VALUES (97, 2, 'admin/auth/permissions/7', 'GET', '127.0.0.1', '{\"_pjax\":\"#pjax-container\"}', '2019-02-08 16:05:12', '2019-02-08 16:05:12');
INSERT INTO `admin_operation_log` VALUES (98, 2, 'admin/auth/permissions', 'GET', '127.0.0.1', '{\"_pjax\":\"#pjax-container\"}', '2019-02-08 16:05:22', '2019-02-08 16:05:22');
INSERT INTO `admin_operation_log` VALUES (99, 2, 'admin/auth/permissions/7/edit', 'GET', '127.0.0.1', '{\"_pjax\":\"#pjax-container\"}', '2019-02-08 16:05:25', '2019-02-08 16:05:25');
INSERT INTO `admin_operation_log` VALUES (100, 2, 'admin/auth/roles', 'GET', '127.0.0.1', '{\"_pjax\":\"#pjax-container\"}', '2019-02-08 16:05:29', '2019-02-08 16:05:29');
INSERT INTO `admin_operation_log` VALUES (101, 2, 'admin/auth/roles/1/edit', 'GET', '127.0.0.1', '{\"_pjax\":\"#pjax-container\"}', '2019-02-08 16:05:35', '2019-02-08 16:05:35');
INSERT INTO `admin_operation_log` VALUES (102, 2, 'admin/auth/users', 'GET', '127.0.0.1', '{\"_pjax\":\"#pjax-container\"}', '2019-02-08 16:05:42', '2019-02-08 16:05:42');
INSERT INTO `admin_operation_log` VALUES (103, 2, 'admin/auth/menu', 'GET', '127.0.0.1', '{\"_pjax\":\"#pjax-container\"}', '2019-02-08 16:06:19', '2019-02-08 16:06:19');
INSERT INTO `admin_operation_log` VALUES (104, 2, 'admin/auth/permissions', 'GET', '127.0.0.1', '{\"_pjax\":\"#pjax-container\"}', '2019-02-08 16:06:21', '2019-02-08 16:06:21');
INSERT INTO `admin_operation_log` VALUES (105, 2, 'admin/auth/roles', 'GET', '127.0.0.1', '{\"_pjax\":\"#pjax-container\"}', '2019-02-08 16:06:23', '2019-02-08 16:06:23');
INSERT INTO `admin_operation_log` VALUES (106, 2, 'admin/auth/users', 'GET', '127.0.0.1', '{\"_pjax\":\"#pjax-container\"}', '2019-02-08 16:06:26', '2019-02-08 16:06:26');
INSERT INTO `admin_operation_log` VALUES (107, 2, 'admin/auth/users/2/edit', 'GET', '127.0.0.1', '{\"_pjax\":\"#pjax-container\"}', '2019-02-08 16:06:32', '2019-02-08 16:06:32');
INSERT INTO `admin_operation_log` VALUES (108, 2, 'admin/auth/users/2/edit', 'GET', '127.0.0.1', '[]', '2019-02-08 16:06:49', '2019-02-08 16:06:49');
INSERT INTO `admin_operation_log` VALUES (109, 2, 'admin', 'GET', '127.0.0.1', '{\"_pjax\":\"#pjax-container\"}', '2019-02-08 16:07:15', '2019-02-08 16:07:15');
INSERT INTO `admin_operation_log` VALUES (110, 2, 'admin', 'GET', '127.0.0.1', '[]', '2019-02-08 16:24:14', '2019-02-08 16:24:14');
INSERT INTO `admin_operation_log` VALUES (111, 2, 'admin/sms', 'GET', '127.0.0.1', '{\"_pjax\":\"#pjax-container\"}', '2019-02-08 16:24:15', '2019-02-08 16:24:15');
INSERT INTO `admin_operation_log` VALUES (112, 2, 'admin/sms', 'GET', '127.0.0.1', '{\"_pjax\":\"#pjax-container\"}', '2019-02-08 16:24:18', '2019-02-08 16:24:18');
INSERT INTO `admin_operation_log` VALUES (113, 2, 'admin/sms/6', 'DELETE', '127.0.0.1', '{\"_method\":\"delete\",\"_token\":\"QTI8lNTLuCge4TARa8WnNe1z4uqRcaGGGbauUWxN\"}', '2019-02-08 16:24:43', '2019-02-08 16:24:43');
INSERT INTO `admin_operation_log` VALUES (114, 2, 'admin/sms', 'GET', '127.0.0.1', '{\"_pjax\":\"#pjax-container\"}', '2019-02-08 16:24:43', '2019-02-08 16:24:43');
INSERT INTO `admin_operation_log` VALUES (115, 2, 'admin/sms/1', 'GET', '127.0.0.1', '{\"_pjax\":\"#pjax-container\"}', '2019-02-08 16:24:53', '2019-02-08 16:24:53');
INSERT INTO `admin_operation_log` VALUES (116, 2, 'admin/sms/1/edit', 'GET', '127.0.0.1', '{\"_pjax\":\"#pjax-container\"}', '2019-02-08 16:24:59', '2019-02-08 16:24:59');
INSERT INTO `admin_operation_log` VALUES (117, 2, 'admin/sms/1', 'PUT', '127.0.0.1', '{\"from\":\"+601153343082\",\"to\":\"+8613079856330\",\"content\":\"hello \\u5c81\\u7684\\u6cd5\\u56fd\\u5f88\\u5feb\\u5c31\\u597d\\u4e86\\u5b98\\u65b9\\u7684\\u683c\\u5f0f*\\u53d1\\u7ed9\",\"timestamp\":\"1548223952802\",\"imei\":\"868517037962796\",\"status\":\"on\",\"notifystatus\":\"off\",\"_token\":\"QTI8lNTLuCge4TARa8WnNe1z4uqRcaGGGbauUWxN\",\"_method\":\"PUT\",\"_previous_\":\"http:\\/\\/www.alipayqrcode.local\\/admin\\/sms\\/1\"}', '2019-02-08 16:25:23', '2019-02-08 16:25:23');
INSERT INTO `admin_operation_log` VALUES (118, 2, 'admin/sms/1', 'GET', '127.0.0.1', '[]', '2019-02-08 16:25:24', '2019-02-08 16:25:24');
INSERT INTO `admin_operation_log` VALUES (119, 2, 'admin/sms', 'GET', '127.0.0.1', '{\"_pjax\":\"#pjax-container\"}', '2019-02-08 16:25:30', '2019-02-08 16:25:30');
INSERT INTO `admin_operation_log` VALUES (120, 2, 'admin/sms/1/edit', 'GET', '127.0.0.1', '{\"_pjax\":\"#pjax-container\"}', '2019-02-08 16:25:37', '2019-02-08 16:25:37');
INSERT INTO `admin_operation_log` VALUES (121, 2, 'admin/sms/1', 'PUT', '127.0.0.1', '{\"from\":\"+601153343082\",\"to\":\"+8613079856330\",\"content\":\"hello \\u5c81\\u7684\\u6cd5\\u56fd\\u5f88\\u5feb\\u5c31\\u597d\\u4e86\\u5b98\\u65b9\\u7684\\u683c\\u5f0f*\\u53d1\\u7ed9\",\"timestamp\":\"1548223952802\",\"imei\":\"868517037962796\",\"status\":\"off\",\"notifystatus\":\"on\",\"_token\":\"QTI8lNTLuCge4TARa8WnNe1z4uqRcaGGGbauUWxN\",\"_method\":\"PUT\",\"_previous_\":\"http:\\/\\/www.alipayqrcode.local\\/admin\\/sms\"}', '2019-02-08 16:25:44', '2019-02-08 16:25:44');
INSERT INTO `admin_operation_log` VALUES (122, 2, 'admin/sms', 'GET', '127.0.0.1', '[]', '2019-02-08 16:25:44', '2019-02-08 16:25:44');
INSERT INTO `admin_operation_log` VALUES (123, 2, 'admin/sms', 'GET', '127.0.0.1', '[]', '2019-02-08 16:27:05', '2019-02-08 16:27:05');
INSERT INTO `admin_operation_log` VALUES (124, 2, 'admin/sms', 'GET', '127.0.0.1', '{\"_pjax\":\"#pjax-container\"}', '2019-02-08 16:27:09', '2019-02-08 16:27:09');
INSERT INTO `admin_operation_log` VALUES (125, 2, 'admin/sms', 'GET', '127.0.0.1', '{\"_pjax\":\"#pjax-container\"}', '2019-02-08 16:27:17', '2019-02-08 16:27:17');
INSERT INTO `admin_operation_log` VALUES (126, 2, 'admin/sms/1/edit', 'GET', '127.0.0.1', '{\"_pjax\":\"#pjax-container\"}', '2019-02-08 16:28:07', '2019-02-08 16:28:07');
INSERT INTO `admin_operation_log` VALUES (127, 2, 'admin/sms', 'GET', '127.0.0.1', '{\"_pjax\":\"#pjax-container\"}', '2019-02-08 16:42:05', '2019-02-08 16:42:05');
INSERT INTO `admin_operation_log` VALUES (128, 2, 'admin/config', 'GET', '127.0.0.1', '{\"_pjax\":\"#pjax-container\"}', '2019-02-08 16:42:13', '2019-02-08 16:42:13');
INSERT INTO `admin_operation_log` VALUES (129, 2, 'admin/auth/menu', 'GET', '127.0.0.1', '{\"_pjax\":\"#pjax-container\"}', '2019-02-08 16:42:24', '2019-02-08 16:42:24');
INSERT INTO `admin_operation_log` VALUES (130, 2, 'admin/sms', 'GET', '127.0.0.1', '{\"_pjax\":\"#pjax-container\"}', '2019-02-08 16:42:36', '2019-02-08 16:42:36');
INSERT INTO `admin_operation_log` VALUES (131, 2, 'admin/auth/logout', 'GET', '127.0.0.1', '{\"_pjax\":\"#pjax-container\"}', '2019-02-08 16:42:42', '2019-02-08 16:42:42');
INSERT INTO `admin_operation_log` VALUES (132, 2, 'admin/sms', 'GET', '127.0.0.1', '[]', '2019-02-08 16:42:58', '2019-02-08 16:42:58');
INSERT INTO `admin_operation_log` VALUES (133, 2, 'admin/config', 'GET', '127.0.0.1', '{\"_pjax\":\"#pjax-container\"}', '2019-02-08 16:47:15', '2019-02-08 16:47:15');
INSERT INTO `admin_operation_log` VALUES (134, 2, 'admin/auth/users', 'GET', '127.0.0.1', '{\"_pjax\":\"#pjax-container\"}', '2019-02-08 16:47:20', '2019-02-08 16:47:20');
INSERT INTO `admin_operation_log` VALUES (135, 2, 'admin/auth/roles', 'GET', '127.0.0.1', '{\"_pjax\":\"#pjax-container\"}', '2019-02-08 16:47:22', '2019-02-08 16:47:22');
INSERT INTO `admin_operation_log` VALUES (136, 2, 'admin/sms', 'GET', '127.0.0.1', '{\"_pjax\":\"#pjax-container\"}', '2019-02-08 16:47:24', '2019-02-08 16:47:24');
INSERT INTO `admin_operation_log` VALUES (137, 2, 'admin/config', 'GET', '127.0.0.1', '{\"_pjax\":\"#pjax-container\"}', '2019-02-08 16:48:30', '2019-02-08 16:48:30');
INSERT INTO `admin_operation_log` VALUES (138, 2, 'admin/sms', 'GET', '127.0.0.1', '{\"_pjax\":\"#pjax-container\"}', '2019-02-08 16:48:35', '2019-02-08 16:48:35');
INSERT INTO `admin_operation_log` VALUES (139, 2, 'admin/sms', 'GET', '127.0.0.1', '[]', '2019-02-08 16:49:02', '2019-02-08 16:49:02');
INSERT INTO `admin_operation_log` VALUES (140, 2, 'admin/auth/menu', 'GET', '127.0.0.1', '{\"_pjax\":\"#pjax-container\"}', '2019-02-08 16:49:31', '2019-02-08 16:49:31');
INSERT INTO `admin_operation_log` VALUES (141, 2, 'admin/auth/menu/8/edit', 'GET', '127.0.0.1', '{\"_pjax\":\"#pjax-container\"}', '2019-02-08 16:49:46', '2019-02-08 16:49:46');
INSERT INTO `admin_operation_log` VALUES (142, 2, 'admin/auth/menu/8', 'PUT', '127.0.0.1', '{\"parent_id\":\"0\",\"title\":\"\\u7cfb\\u7edf\\u914d\\u7f6e\",\"icon\":\"fa-toggle-on\",\"uri\":\"config\",\"roles\":[null],\"_token\":\"pmisICjRvwznLZRX1Jpt3MnJGpWsZNNnHs9D9Ioe\",\"_method\":\"PUT\",\"_previous_\":\"http:\\/\\/www.alipayqrcode.local\\/admin\\/auth\\/menu\"}', '2019-02-08 16:50:05', '2019-02-08 16:50:05');
INSERT INTO `admin_operation_log` VALUES (143, 2, 'admin/auth/menu', 'GET', '127.0.0.1', '[]', '2019-02-08 16:50:06', '2019-02-08 16:50:06');
INSERT INTO `admin_operation_log` VALUES (144, 2, 'admin/auth/menu', 'GET', '127.0.0.1', '[]', '2019-02-08 16:50:10', '2019-02-08 16:50:10');
INSERT INTO `admin_operation_log` VALUES (145, 2, 'admin', 'GET', '127.0.0.1', '{\"_pjax\":\"#pjax-container\"}', '2019-02-08 16:50:21', '2019-02-08 16:50:21');
INSERT INTO `admin_operation_log` VALUES (146, 2, 'admin/config', 'GET', '127.0.0.1', '{\"_pjax\":\"#pjax-container\"}', '2019-02-08 16:50:27', '2019-02-08 16:50:27');
INSERT INTO `admin_operation_log` VALUES (147, 2, 'admin/sms', 'GET', '127.0.0.1', '{\"_pjax\":\"#pjax-container\"}', '2019-02-08 16:50:30', '2019-02-08 16:50:30');
INSERT INTO `admin_operation_log` VALUES (148, 2, 'admin/sms/create', 'GET', '127.0.0.1', '{\"_pjax\":\"#pjax-container\"}', '2019-02-08 16:54:17', '2019-02-08 16:54:17');
INSERT INTO `admin_operation_log` VALUES (149, 2, 'admin/sms', 'GET', '127.0.0.1', '{\"_pjax\":\"#pjax-container\"}', '2019-02-08 16:54:50', '2019-02-08 16:54:50');
INSERT INTO `admin_operation_log` VALUES (150, 2, 'admin/sms', 'GET', '127.0.0.1', '{\"_pjax\":\"#pjax-container\",\"page\":\"2\"}', '2019-02-08 16:55:18', '2019-02-08 16:55:18');
INSERT INTO `admin_operation_log` VALUES (151, 1, 'admin', 'GET', '222.127.22.36', '[]', '2019-02-08 17:21:29', '2019-02-08 17:21:29');
INSERT INTO `admin_operation_log` VALUES (152, 1, 'admin/sms', 'GET', '222.127.22.36', '{\"_pjax\":\"#pjax-container\"}', '2019-02-08 17:21:33', '2019-02-08 17:21:33');
INSERT INTO `admin_operation_log` VALUES (153, 2, 'admin/sms', 'GET', '127.0.0.1', '{\"page\":\"2\"}', '2019-02-11 10:33:35', '2019-02-11 10:33:35');
INSERT INTO `admin_operation_log` VALUES (154, 2, 'admin/sms', 'GET', '127.0.0.1', '{\"_pjax\":\"#pjax-container\"}', '2019-02-11 10:34:01', '2019-02-11 10:34:01');
INSERT INTO `admin_operation_log` VALUES (155, 2, 'admin/sms', 'GET', '127.0.0.1', '[]', '2019-02-11 11:24:21', '2019-02-11 11:24:21');
INSERT INTO `admin_operation_log` VALUES (156, 2, 'admin/sms', 'GET', '127.0.0.1', '[]', '2019-02-11 16:10:13', '2019-02-11 16:10:13');
INSERT INTO `admin_operation_log` VALUES (157, 2, 'admin/sms', 'GET', '127.0.0.1', '[]', '2019-02-11 17:11:49', '2019-02-11 17:11:49');
INSERT INTO `admin_operation_log` VALUES (158, 2, 'admin/sms', 'GET', '127.0.0.1', '[]', '2019-02-11 17:11:53', '2019-02-11 17:11:53');
INSERT INTO `admin_operation_log` VALUES (159, 2, 'admin/sms', 'GET', '127.0.0.1', '[]', '2019-02-11 17:11:56', '2019-02-11 17:11:56');
INSERT INTO `admin_operation_log` VALUES (160, 2, 'admin/sms', 'GET', '127.0.0.1', '[]', '2019-02-11 17:19:26', '2019-02-11 17:19:26');
INSERT INTO `admin_operation_log` VALUES (161, 2, 'admin/sms', 'GET', '127.0.0.1', '[]', '2019-02-11 17:22:55', '2019-02-11 17:22:55');
INSERT INTO `admin_operation_log` VALUES (162, 2, 'admin/sms', 'GET', '127.0.0.1', '{\"id\":null,\"created_at\":{\"start\":\"2019-02-11 00:00:00\",\"end\":null},\"_pjax\":\"#pjax-container\"}', '2019-02-11 17:24:23', '2019-02-11 17:24:23');
INSERT INTO `admin_operation_log` VALUES (163, 2, 'admin/sms/create', 'GET', '127.0.0.1', '{\"_pjax\":\"#pjax-container\"}', '2019-02-11 17:24:31', '2019-02-11 17:24:31');
INSERT INTO `admin_operation_log` VALUES (164, 2, 'admin/sms', 'GET', '127.0.0.1', '{\"_pjax\":\"#pjax-container\"}', '2019-02-11 17:30:53', '2019-02-11 17:30:53');
INSERT INTO `admin_operation_log` VALUES (165, 2, 'admin/sms', 'GET', '127.0.0.1', '[]', '2019-02-11 17:49:30', '2019-02-11 17:49:30');
INSERT INTO `admin_operation_log` VALUES (166, 2, 'admin/config', 'GET', '127.0.0.1', '[]', '2019-02-12 11:44:22', '2019-02-12 11:44:22');
INSERT INTO `admin_operation_log` VALUES (167, 2, 'admin/sms', 'GET', '127.0.0.1', '{\"_pjax\":\"#pjax-container\"}', '2019-02-12 11:44:41', '2019-02-12 11:44:41');
INSERT INTO `admin_operation_log` VALUES (168, 2, 'admin', 'GET', '127.0.0.1', '{\"_pjax\":\"#pjax-container\"}', '2019-02-12 11:44:49', '2019-02-12 11:44:49');
INSERT INTO `admin_operation_log` VALUES (169, 2, 'admin', 'GET', '127.0.0.1', '{\"_pjax\":\"#pjax-container\"}', '2019-02-12 11:44:55', '2019-02-12 11:44:55');
INSERT INTO `admin_operation_log` VALUES (170, 2, 'admin/sms', 'GET', '127.0.0.1', '{\"_pjax\":\"#pjax-container\"}', '2019-02-12 11:44:57', '2019-02-12 11:44:57');
INSERT INTO `admin_operation_log` VALUES (171, 2, 'admin/sms', 'GET', '127.0.0.1', '[]', '2019-02-12 13:23:56', '2019-02-12 13:23:56');
INSERT INTO `admin_operation_log` VALUES (172, 2, 'admin/sms', 'GET', '127.0.0.1', '[]', '2019-02-13 13:52:15', '2019-02-13 13:52:15');
INSERT INTO `admin_operation_log` VALUES (173, 2, 'admin/auth/menu', 'GET', '127.0.0.1', '{\"_pjax\":\"#pjax-container\"}', '2019-02-13 13:52:23', '2019-02-13 13:52:23');
INSERT INTO `admin_operation_log` VALUES (174, 2, 'admin/auth/menu/9/edit', 'GET', '127.0.0.1', '{\"_pjax\":\"#pjax-container\"}', '2019-02-13 13:52:32', '2019-02-13 13:52:32');
INSERT INTO `admin_operation_log` VALUES (175, 2, 'admin/auth/menu', 'GET', '127.0.0.1', '{\"_pjax\":\"#pjax-container\"}', '2019-02-13 13:52:44', '2019-02-13 13:52:44');
INSERT INTO `admin_operation_log` VALUES (176, 2, 'admin/auth/menu', 'POST', '127.0.0.1', '{\"parent_id\":\"0\",\"title\":\"\\u94f6\\u884c\\u5361\\u5217\\u8868\",\"icon\":\"fa-bars\",\"uri\":\"bankcard\",\"roles\":[\"1\",null],\"_token\":\"pQpj4dNiZFfRSWXx1tuXNrEgXmHLgG4Ro6W2RbHR\"}', '2019-02-13 13:53:13', '2019-02-13 13:53:13');
INSERT INTO `admin_operation_log` VALUES (177, 2, 'admin/auth/menu', 'GET', '127.0.0.1', '[]', '2019-02-13 13:53:14', '2019-02-13 13:53:14');
INSERT INTO `admin_operation_log` VALUES (178, 2, 'admin/auth/menu', 'GET', '127.0.0.1', '[]', '2019-02-13 13:53:26', '2019-02-13 13:53:26');
INSERT INTO `admin_operation_log` VALUES (179, 2, 'admin/bankcard', 'GET', '127.0.0.1', '{\"_pjax\":\"#pjax-container\"}', '2019-02-13 13:53:32', '2019-02-13 13:53:32');
INSERT INTO `admin_operation_log` VALUES (180, 2, 'admin/bankcard', 'GET', '127.0.0.1', '{\"_pjax\":\"#pjax-container\"}', '2019-02-13 13:53:34', '2019-02-13 13:53:34');
INSERT INTO `admin_operation_log` VALUES (181, 2, 'admin/bankcard', 'GET', '127.0.0.1', '[]', '2019-02-13 14:09:57', '2019-02-13 14:09:57');
INSERT INTO `admin_operation_log` VALUES (182, 2, 'admin/bankcard/create', 'GET', '127.0.0.1', '{\"_pjax\":\"#pjax-container\"}', '2019-02-13 14:10:09', '2019-02-13 14:10:09');
INSERT INTO `admin_operation_log` VALUES (183, 2, 'admin/sms', 'GET', '127.0.0.1', '{\"_pjax\":\"#pjax-container\"}', '2019-02-13 14:10:18', '2019-02-13 14:10:18');
INSERT INTO `admin_operation_log` VALUES (184, 2, 'admin/bankcard', 'GET', '127.0.0.1', '{\"_pjax\":\"#pjax-container\"}', '2019-02-13 14:10:21', '2019-02-13 14:10:21');
INSERT INTO `admin_operation_log` VALUES (185, 2, 'admin/sms', 'GET', '127.0.0.1', '{\"_pjax\":\"#pjax-container\"}', '2019-02-13 14:10:23', '2019-02-13 14:10:23');
INSERT INTO `admin_operation_log` VALUES (186, 2, 'admin/bankcard', 'GET', '127.0.0.1', '{\"_pjax\":\"#pjax-container\"}', '2019-02-13 14:10:28', '2019-02-13 14:10:28');
INSERT INTO `admin_operation_log` VALUES (187, 2, 'admin/bankcard/create', 'GET', '127.0.0.1', '{\"_pjax\":\"#pjax-container\"}', '2019-02-13 14:11:31', '2019-02-13 14:11:31');
INSERT INTO `admin_operation_log` VALUES (188, 2, 'admin/bankcard', 'POST', '127.0.0.1', '{\"bankname\":\"\\u4e2d\\u56fd\\u519c\\u4e1a\\u94f6\\u884c\",\"bankcode\":\"ABC\",\"account\":\"\\u8881\\u6587\\u519b\",\"card_number\":\"6228481089405098270\",\"branch\":null,\"count\":\"0\",\"money\":\"0\",\"status\":null,\"_token\":\"pQpj4dNiZFfRSWXx1tuXNrEgXmHLgG4Ro6W2RbHR\",\"_previous_\":\"http:\\/\\/www.alipayqrcode.local\\/admin\\/bankcard\"}', '2019-02-13 14:14:15', '2019-02-13 14:14:15');
INSERT INTO `admin_operation_log` VALUES (189, 2, 'admin/bankcard/create', 'GET', '127.0.0.1', '[]', '2019-02-13 14:14:16', '2019-02-13 14:14:16');
INSERT INTO `admin_operation_log` VALUES (190, 2, 'admin/bankcard', 'POST', '127.0.0.1', '{\"bankname\":\"\\u4e2d\\u56fd\\u519c\\u4e1a\\u94f6\\u884c\",\"bankcode\":\"ABC\",\"account\":\"\\u8881\\u6587\\u519b\",\"card_number\":\"6228481089405098270\",\"branch\":null,\"count\":\"0\",\"money\":\"0\",\"status\":\"1\",\"_token\":\"pQpj4dNiZFfRSWXx1tuXNrEgXmHLgG4Ro6W2RbHR\"}', '2019-02-13 14:14:40', '2019-02-13 14:14:40');
INSERT INTO `admin_operation_log` VALUES (191, 2, 'admin/bankcard', 'GET', '127.0.0.1', '[]', '2019-02-13 14:14:41', '2019-02-13 14:14:41');
INSERT INTO `admin_operation_log` VALUES (192, 2, 'admin/sms', 'GET', '127.0.0.1', '{\"_pjax\":\"#pjax-container\"}', '2019-02-13 14:14:47', '2019-02-13 14:14:47');
INSERT INTO `admin_operation_log` VALUES (193, 2, 'admin/bankcard', 'GET', '127.0.0.1', '{\"_pjax\":\"#pjax-container\"}', '2019-02-13 14:14:51', '2019-02-13 14:14:51');
INSERT INTO `admin_operation_log` VALUES (194, 2, 'admin/sms', 'GET', '127.0.0.1', '{\"_pjax\":\"#pjax-container\"}', '2019-02-13 14:16:50', '2019-02-13 14:16:50');
INSERT INTO `admin_operation_log` VALUES (195, 2, 'admin/sms/149/edit', 'GET', '127.0.0.1', '{\"_pjax\":\"#pjax-container\"}', '2019-02-13 14:16:53', '2019-02-13 14:16:53');
INSERT INTO `admin_operation_log` VALUES (196, 2, 'admin/bankcard', 'GET', '127.0.0.1', '{\"_pjax\":\"#pjax-container\"}', '2019-02-13 14:17:48', '2019-02-13 14:17:48');
INSERT INTO `admin_operation_log` VALUES (197, 2, 'admin/bankcard/create', 'GET', '127.0.0.1', '{\"_pjax\":\"#pjax-container\"}', '2019-02-13 14:17:51', '2019-02-13 14:17:51');
INSERT INTO `admin_operation_log` VALUES (198, 2, 'admin/bankcard/create', 'GET', '127.0.0.1', '[]', '2019-02-13 14:18:03', '2019-02-13 14:18:03');
INSERT INTO `admin_operation_log` VALUES (199, 2, 'admin/bankcard', 'GET', '127.0.0.1', '{\"_pjax\":\"#pjax-container\"}', '2019-02-13 14:19:12', '2019-02-13 14:19:12');
INSERT INTO `admin_operation_log` VALUES (200, 2, 'admin/bankcard/24/edit', 'GET', '127.0.0.1', '{\"_pjax\":\"#pjax-container\"}', '2019-02-13 14:19:16', '2019-02-13 14:19:16');
INSERT INTO `admin_operation_log` VALUES (201, 2, 'admin/sms', 'GET', '127.0.0.1', '{\"_pjax\":\"#pjax-container\"}', '2019-02-13 14:19:23', '2019-02-13 14:19:23');
INSERT INTO `admin_operation_log` VALUES (202, 2, 'admin/sms/149/edit', 'GET', '127.0.0.1', '{\"_pjax\":\"#pjax-container\"}', '2019-02-13 14:19:25', '2019-02-13 14:19:25');
INSERT INTO `admin_operation_log` VALUES (203, 2, 'admin/bankcard', 'GET', '127.0.0.1', '{\"_pjax\":\"#pjax-container\"}', '2019-02-13 14:19:33', '2019-02-13 14:19:33');
INSERT INTO `admin_operation_log` VALUES (204, 2, 'admin/auth/logout', 'GET', '127.0.0.1', '{\"_pjax\":\"#pjax-container\"}', '2019-02-13 14:21:00', '2019-02-13 14:21:00');
INSERT INTO `admin_operation_log` VALUES (205, 2, 'admin', 'GET', '127.0.0.1', '[]', '2019-02-13 14:21:03', '2019-02-13 14:21:03');
INSERT INTO `admin_operation_log` VALUES (206, 2, 'admin/bankcard', 'GET', '127.0.0.1', '{\"_pjax\":\"#pjax-container\"}', '2019-02-13 14:21:06', '2019-02-13 14:21:06');
INSERT INTO `admin_operation_log` VALUES (207, 2, 'admin/bankcard/create', 'GET', '127.0.0.1', '{\"_pjax\":\"#pjax-container\"}', '2019-02-13 14:21:08', '2019-02-13 14:21:08');
INSERT INTO `admin_operation_log` VALUES (208, 2, 'admin/bankcard/create', 'GET', '127.0.0.1', '[]', '2019-02-13 14:25:24', '2019-02-13 14:25:24');
INSERT INTO `admin_operation_log` VALUES (209, 2, 'admin/sms', 'GET', '127.0.0.1', '{\"_pjax\":\"#pjax-container\"}', '2019-02-13 14:25:46', '2019-02-13 14:25:46');
INSERT INTO `admin_operation_log` VALUES (210, 2, 'admin/sms/create', 'GET', '127.0.0.1', '{\"_pjax\":\"#pjax-container\"}', '2019-02-13 14:25:48', '2019-02-13 14:25:48');
INSERT INTO `admin_operation_log` VALUES (211, 2, 'admin/bankcard', 'GET', '127.0.0.1', '{\"_pjax\":\"#pjax-container\"}', '2019-02-13 14:26:54', '2019-02-13 14:26:54');
INSERT INTO `admin_operation_log` VALUES (212, 2, 'admin/bankcard/24/edit', 'GET', '127.0.0.1', '{\"_pjax\":\"#pjax-container\"}', '2019-02-13 14:26:57', '2019-02-13 14:26:57');
INSERT INTO `admin_operation_log` VALUES (213, 2, 'admin/bankcard/24/edit', 'GET', '127.0.0.1', '[]', '2019-02-13 14:27:00', '2019-02-13 14:27:00');
INSERT INTO `admin_operation_log` VALUES (214, 2, 'admin/bankcard', 'GET', '127.0.0.1', '{\"_pjax\":\"#pjax-container\"}', '2019-02-13 14:27:04', '2019-02-13 14:27:04');
INSERT INTO `admin_operation_log` VALUES (215, 2, 'admin/bankcard/create', 'GET', '127.0.0.1', '{\"_pjax\":\"#pjax-container\"}', '2019-02-13 14:27:07', '2019-02-13 14:27:07');
INSERT INTO `admin_operation_log` VALUES (216, 2, 'admin/bankcard', 'GET', '127.0.0.1', '{\"_pjax\":\"#pjax-container\"}', '2019-02-13 14:27:12', '2019-02-13 14:27:12');
INSERT INTO `admin_operation_log` VALUES (217, 2, 'admin/bankcard/24/edit', 'GET', '127.0.0.1', '{\"_pjax\":\"#pjax-container\"}', '2019-02-13 14:27:14', '2019-02-13 14:27:14');
INSERT INTO `admin_operation_log` VALUES (218, 2, 'admin/sms', 'GET', '127.0.0.1', '{\"_pjax\":\"#pjax-container\"}', '2019-02-13 14:28:23', '2019-02-13 14:28:23');
INSERT INTO `admin_operation_log` VALUES (219, 2, 'admin/sms/create', 'GET', '127.0.0.1', '{\"_pjax\":\"#pjax-container\"}', '2019-02-13 14:28:24', '2019-02-13 14:28:24');
INSERT INTO `admin_operation_log` VALUES (220, 2, 'admin/bankcard', 'GET', '127.0.0.1', '[]', '2019-02-13 14:29:08', '2019-02-13 14:29:08');
INSERT INTO `admin_operation_log` VALUES (221, 2, 'admin/bankcard/create', 'GET', '127.0.0.1', '{\"_pjax\":\"#pjax-container\"}', '2019-02-13 14:29:12', '2019-02-13 14:29:12');
INSERT INTO `admin_operation_log` VALUES (222, 2, 'admin/bankcard/create', 'GET', '127.0.0.1', '[]', '2019-02-13 14:31:18', '2019-02-13 14:31:18');
INSERT INTO `admin_operation_log` VALUES (223, 2, 'admin/bankcard/create', 'GET', '127.0.0.1', '[]', '2019-02-13 14:31:29', '2019-02-13 14:31:29');
INSERT INTO `admin_operation_log` VALUES (224, 2, 'admin/bankcard', 'POST', '127.0.0.1', '{\"bankname\":\"\\u5de5\\u5546\\u94f6\\u884c\",\"bankcode\":\"ICBC\",\"account\":\"\\u848b\\u52b2\\u677e\",\"card_number\":\"2103230101207490912\",\"branch\":null,\"count\":\"0\",\"money\":\"0\",\"status\":null,\"_token\":\"mc6J1D1Jr6DfnoXjUs5tuXxbBDzWF5PiqPjDO6wV\"}', '2019-02-13 14:33:22', '2019-02-13 14:33:22');
INSERT INTO `admin_operation_log` VALUES (225, 2, 'admin/bankcard/create', 'GET', '127.0.0.1', '[]', '2019-02-13 14:33:23', '2019-02-13 14:33:23');
INSERT INTO `admin_operation_log` VALUES (226, 2, 'admin/bankcard', 'POST', '127.0.0.1', '{\"bankname\":\"\\u5de5\\u5546\\u94f6\\u884c\",\"bankcode\":\"ICBC\",\"account\":\"\\u848b\\u52b2\\u677e\",\"card_number\":\"2103230101207490912\",\"branch\":null,\"count\":\"0\",\"money\":\"0\",\"status\":\"0\",\"_token\":\"mc6J1D1Jr6DfnoXjUs5tuXxbBDzWF5PiqPjDO6wV\"}', '2019-02-13 14:34:54', '2019-02-13 14:34:54');
INSERT INTO `admin_operation_log` VALUES (227, 2, 'admin/bankcard', 'GET', '127.0.0.1', '[]', '2019-02-13 14:34:55', '2019-02-13 14:34:55');
INSERT INTO `admin_operation_log` VALUES (228, 2, 'admin/bankcard/25/edit', 'GET', '127.0.0.1', '{\"_pjax\":\"#pjax-container\"}', '2019-02-13 14:35:06', '2019-02-13 14:35:06');
INSERT INTO `admin_operation_log` VALUES (229, 2, 'admin/bankcard/25', 'PUT', '127.0.0.1', '{\"bankname\":\"\\u4e2d\\u56fd\\u5de5\\u5546\\u94f6\\u884c\",\"bankcode\":\"ICBC\",\"account\":\"\\u848b\\u52b2\\u677e\",\"card_number\":\"2103230101207490912\",\"branch\":null,\"count\":\"0\",\"money\":\"0\",\"status\":\"0\",\"_token\":\"mc6J1D1Jr6DfnoXjUs5tuXxbBDzWF5PiqPjDO6wV\",\"_method\":\"PUT\",\"_previous_\":\"http:\\/\\/www.alipayqrcode.local\\/admin\\/bankcard\"}', '2019-02-13 14:35:16', '2019-02-13 14:35:16');
INSERT INTO `admin_operation_log` VALUES (230, 2, 'admin/bankcard', 'GET', '127.0.0.1', '[]', '2019-02-13 14:35:17', '2019-02-13 14:35:17');
INSERT INTO `admin_operation_log` VALUES (231, 2, 'admin/bankcard/create', 'GET', '127.0.0.1', '{\"_pjax\":\"#pjax-container\"}', '2019-02-13 14:35:24', '2019-02-13 14:35:24');
INSERT INTO `admin_operation_log` VALUES (232, 2, 'admin/bankcard', 'POST', '127.0.0.1', '{\"bankname\":null,\"bankcode\":null,\"account\":null,\"card_number\":null,\"branch\":null,\"count\":\"0\",\"money\":\"0\",\"status\":null,\"_token\":\"mc6J1D1Jr6DfnoXjUs5tuXxbBDzWF5PiqPjDO6wV\",\"_previous_\":\"http:\\/\\/www.alipayqrcode.local\\/admin\\/bankcard\"}', '2019-02-13 14:35:37', '2019-02-13 14:35:37');
INSERT INTO `admin_operation_log` VALUES (233, 2, 'admin/bankcard/create', 'GET', '127.0.0.1', '[]', '2019-02-13 14:35:38', '2019-02-13 14:35:38');
INSERT INTO `admin_operation_log` VALUES (234, 2, 'admin/bankcard', 'GET', '127.0.0.1', '{\"_pjax\":\"#pjax-container\"}', '2019-02-13 14:36:04', '2019-02-13 14:36:04');
INSERT INTO `admin_operation_log` VALUES (235, 2, 'admin/sms', 'GET', '127.0.0.1', '{\"_pjax\":\"#pjax-container\"}', '2019-02-13 14:37:16', '2019-02-13 14:37:16');
INSERT INTO `admin_operation_log` VALUES (236, 2, 'admin/bankcard', 'GET', '127.0.0.1', '{\"_pjax\":\"#pjax-container\"}', '2019-02-13 14:37:17', '2019-02-13 14:37:17');
INSERT INTO `admin_operation_log` VALUES (237, 2, 'admin/bankcard/create', 'GET', '127.0.0.1', '{\"_pjax\":\"#pjax-container\"}', '2019-02-13 14:37:21', '2019-02-13 14:37:21');
INSERT INTO `admin_operation_log` VALUES (238, 2, 'admin/bankcard', 'GET', '127.0.0.1', '{\"_pjax\":\"#pjax-container\"}', '2019-02-13 14:40:32', '2019-02-13 14:40:32');
INSERT INTO `admin_operation_log` VALUES (239, 2, 'admin/bankcard/1', 'GET', '127.0.0.1', '{\"_pjax\":\"#pjax-container\"}', '2019-02-13 14:40:37', '2019-02-13 14:40:37');
INSERT INTO `admin_operation_log` VALUES (240, 2, 'admin/bankcard', 'GET', '127.0.0.1', '{\"_pjax\":\"#pjax-container\"}', '2019-02-13 14:40:45', '2019-02-13 14:40:45');
INSERT INTO `admin_operation_log` VALUES (241, 2, 'admin/config', 'GET', '127.0.0.1', '{\"_pjax\":\"#pjax-container\"}', '2019-02-13 14:40:51', '2019-02-13 14:40:51');
INSERT INTO `admin_operation_log` VALUES (242, 2, 'admin/config/1/edit', 'GET', '127.0.0.1', '{\"_pjax\":\"#pjax-container\"}', '2019-02-13 14:41:01', '2019-02-13 14:41:01');
INSERT INTO `admin_operation_log` VALUES (243, 2, 'admin/bankcard', 'GET', '127.0.0.1', '{\"_pjax\":\"#pjax-container\"}', '2019-02-13 14:41:19', '2019-02-13 14:41:19');
INSERT INTO `admin_operation_log` VALUES (244, 2, 'admin/config', 'GET', '127.0.0.1', '{\"_pjax\":\"#pjax-container\"}', '2019-02-13 14:41:23', '2019-02-13 14:41:23');
INSERT INTO `admin_operation_log` VALUES (245, 2, 'admin/config/create', 'GET', '127.0.0.1', '{\"_pjax\":\"#pjax-container\"}', '2019-02-13 14:41:26', '2019-02-13 14:41:26');
INSERT INTO `admin_operation_log` VALUES (246, 2, 'admin/bankcard', 'GET', '127.0.0.1', '{\"_pjax\":\"#pjax-container\"}', '2019-02-13 14:41:29', '2019-02-13 14:41:29');
INSERT INTO `admin_operation_log` VALUES (247, 2, 'admin/bankcard/1/edit', 'GET', '127.0.0.1', '{\"_pjax\":\"#pjax-container\"}', '2019-02-13 14:41:38', '2019-02-13 14:41:38');
INSERT INTO `admin_operation_log` VALUES (248, 2, 'admin/bankcard', 'GET', '127.0.0.1', '{\"_pjax\":\"#pjax-container\"}', '2019-02-13 14:43:25', '2019-02-13 14:43:25');
INSERT INTO `admin_operation_log` VALUES (249, 2, 'admin/bankcard/create', 'GET', '127.0.0.1', '{\"_pjax\":\"#pjax-container\"}', '2019-02-13 14:50:37', '2019-02-13 14:50:37');
INSERT INTO `admin_operation_log` VALUES (250, 2, 'admin/sms', 'GET', '127.0.0.1', '{\"_pjax\":\"#pjax-container\"}', '2019-02-13 15:14:24', '2019-02-13 15:14:24');
INSERT INTO `admin_operation_log` VALUES (251, 2, 'admin/sms', 'GET', '127.0.0.1', '{\"_pjax\":\"#pjax-container\"}', '2019-02-13 15:14:30', '2019-02-13 15:14:30');
INSERT INTO `admin_operation_log` VALUES (252, 2, 'admin/sms', 'GET', '127.0.0.1', '{\"_pjax\":\"#pjax-container\",\"id\":null,\"created_at\":{\"start\":null,\"end\":null}}', '2019-02-13 15:14:39', '2019-02-13 15:14:39');
INSERT INTO `admin_operation_log` VALUES (253, 2, 'admin/sms/149/edit', 'GET', '127.0.0.1', '{\"_pjax\":\"#pjax-container\"}', '2019-02-13 15:16:16', '2019-02-13 15:16:16');
INSERT INTO `admin_operation_log` VALUES (254, 2, 'admin/bankcard', 'GET', '127.0.0.1', '{\"_pjax\":\"#pjax-container\"}', '2019-02-13 15:16:35', '2019-02-13 15:16:35');
INSERT INTO `admin_operation_log` VALUES (255, 2, 'admin/bankcard/1/edit', 'GET', '127.0.0.1', '{\"_pjax\":\"#pjax-container\"}', '2019-02-13 15:16:49', '2019-02-13 15:16:49');
INSERT INTO `admin_operation_log` VALUES (256, 2, 'admin/sms', 'GET', '127.0.0.1', '{\"_pjax\":\"#pjax-container\"}', '2019-02-13 15:17:21', '2019-02-13 15:17:21');
INSERT INTO `admin_operation_log` VALUES (257, 2, 'admin/sms/149/edit', 'GET', '127.0.0.1', '{\"_pjax\":\"#pjax-container\"}', '2019-02-13 15:17:23', '2019-02-13 15:17:23');
INSERT INTO `admin_operation_log` VALUES (258, 2, 'admin/bankcard', 'GET', '127.0.0.1', '{\"_pjax\":\"#pjax-container\"}', '2019-02-13 15:17:51', '2019-02-13 15:17:51');
INSERT INTO `admin_operation_log` VALUES (259, 2, 'admin/sms', 'GET', '127.0.0.1', '{\"_pjax\":\"#pjax-container\"}', '2019-02-13 15:19:18', '2019-02-13 15:19:18');
INSERT INTO `admin_operation_log` VALUES (260, 2, 'admin/sms', 'GET', '127.0.0.1', '{\"_pjax\":\"#pjax-container\"}', '2019-02-13 15:19:49', '2019-02-13 15:19:49');
INSERT INTO `admin_operation_log` VALUES (261, 2, 'admin/sms/149/edit', 'GET', '127.0.0.1', '{\"_pjax\":\"#pjax-container\"}', '2019-02-13 15:19:53', '2019-02-13 15:19:53');
INSERT INTO `admin_operation_log` VALUES (262, 2, 'admin/bankcard', 'GET', '127.0.0.1', '{\"_pjax\":\"#pjax-container\"}', '2019-02-13 15:20:31', '2019-02-13 15:20:31');
INSERT INTO `admin_operation_log` VALUES (263, 2, 'admin/config', 'GET', '127.0.0.1', '{\"_pjax\":\"#pjax-container\"}', '2019-02-13 15:20:39', '2019-02-13 15:20:39');
INSERT INTO `admin_operation_log` VALUES (264, 2, 'admin/bankcard', 'GET', '127.0.0.1', '{\"_pjax\":\"#pjax-container\"}', '2019-02-13 15:20:49', '2019-02-13 15:20:49');
INSERT INTO `admin_operation_log` VALUES (265, 2, 'admin/bankcard/create', 'GET', '127.0.0.1', '{\"_pjax\":\"#pjax-container\"}', '2019-02-13 15:20:56', '2019-02-13 15:20:56');
INSERT INTO `admin_operation_log` VALUES (266, 2, 'admin/bankcard', 'POST', '127.0.0.1', '{\"bankname\":null,\"bankcode\":null,\"account\":null,\"card_number\":null,\"branch\":null,\"count\":\"0\",\"money\":\"0\",\"status\":null,\"_token\":\"mc6J1D1Jr6DfnoXjUs5tuXxbBDzWF5PiqPjDO6wV\",\"_previous_\":\"http:\\/\\/www.alipayqrcode.local\\/admin\\/bankcard\"}', '2019-02-13 15:20:58', '2019-02-13 15:20:58');
INSERT INTO `admin_operation_log` VALUES (267, 2, 'admin/bankcard/create', 'GET', '127.0.0.1', '[]', '2019-02-13 15:20:59', '2019-02-13 15:20:59');
INSERT INTO `admin_operation_log` VALUES (268, 2, 'admin/bankcard', 'GET', '127.0.0.1', '{\"_pjax\":\"#pjax-container\"}', '2019-02-13 15:21:12', '2019-02-13 15:21:12');
INSERT INTO `admin_operation_log` VALUES (269, 2, 'admin/bankcard', 'GET', '127.0.0.1', '{\"_pjax\":\"#pjax-container\"}', '2019-02-13 15:24:04', '2019-02-13 15:24:04');
INSERT INTO `admin_operation_log` VALUES (270, 2, 'admin/bankcard/create', 'GET', '127.0.0.1', '{\"_pjax\":\"#pjax-container\"}', '2019-02-13 15:24:06', '2019-02-13 15:24:06');
INSERT INTO `admin_operation_log` VALUES (271, 2, 'admin/bankcard', 'GET', '127.0.0.1', '{\"_pjax\":\"#pjax-container\"}', '2019-02-13 15:24:13', '2019-02-13 15:24:13');
INSERT INTO `admin_operation_log` VALUES (272, 2, 'admin/bankcard/1/edit', 'GET', '127.0.0.1', '{\"_pjax\":\"#pjax-container\"}', '2019-02-13 15:24:19', '2019-02-13 15:24:19');
INSERT INTO `admin_operation_log` VALUES (273, 2, 'admin/bankcard', 'GET', '127.0.0.1', '{\"_pjax\":\"#pjax-container\"}', '2019-02-13 15:24:26', '2019-02-13 15:24:26');
INSERT INTO `admin_operation_log` VALUES (274, 2, 'admin/bankcard/create', 'GET', '127.0.0.1', '{\"_pjax\":\"#pjax-container\"}', '2019-02-13 16:42:54', '2019-02-13 16:42:54');
INSERT INTO `admin_operation_log` VALUES (275, 2, 'admin/bankcard', 'GET', '127.0.0.1', '{\"_pjax\":\"#pjax-container\"}', '2019-02-13 16:45:23', '2019-02-13 16:45:23');
INSERT INTO `admin_operation_log` VALUES (276, 2, 'admin/bankcard', 'GET', '127.0.0.1', '{\"_pjax\":\"#pjax-container\"}', '2019-02-13 16:49:00', '2019-02-13 16:49:00');
INSERT INTO `admin_operation_log` VALUES (277, 2, 'admin/sms', 'GET', '127.0.0.1', '{\"_pjax\":\"#pjax-container\"}', '2019-02-13 16:49:02', '2019-02-13 16:49:02');
INSERT INTO `admin_operation_log` VALUES (278, 2, 'admin/bankcard', 'GET', '127.0.0.1', '{\"_pjax\":\"#pjax-container\"}', '2019-02-13 16:49:03', '2019-02-13 16:49:03');
INSERT INTO `admin_operation_log` VALUES (279, 2, 'admin/sms', 'GET', '127.0.0.1', '{\"_pjax\":\"#pjax-container\"}', '2019-02-13 16:49:07', '2019-02-13 16:49:07');
INSERT INTO `admin_operation_log` VALUES (280, 2, 'admin/bankcard', 'GET', '127.0.0.1', '{\"_pjax\":\"#pjax-container\"}', '2019-02-13 16:49:09', '2019-02-13 16:49:09');
INSERT INTO `admin_operation_log` VALUES (281, 2, 'admin/sms', 'GET', '127.0.0.1', '{\"_pjax\":\"#pjax-container\"}', '2019-02-13 16:49:11', '2019-02-13 16:49:11');
INSERT INTO `admin_operation_log` VALUES (282, 2, 'admin/bankcard', 'GET', '127.0.0.1', '{\"_pjax\":\"#pjax-container\"}', '2019-02-13 16:49:13', '2019-02-13 16:49:13');
INSERT INTO `admin_operation_log` VALUES (283, 2, 'admin/bankcard/create', 'GET', '127.0.0.1', '{\"_pjax\":\"#pjax-container\"}', '2019-02-13 16:49:15', '2019-02-13 16:49:15');
INSERT INTO `admin_operation_log` VALUES (284, 2, 'admin/bankcard', 'GET', '127.0.0.1', '{\"_pjax\":\"#pjax-container\"}', '2019-02-13 16:49:26', '2019-02-13 16:49:26');
INSERT INTO `admin_operation_log` VALUES (285, 2, 'admin/bankcard/create', 'GET', '127.0.0.1', '{\"_pjax\":\"#pjax-container\"}', '2019-02-13 16:49:29', '2019-02-13 16:49:29');
INSERT INTO `admin_operation_log` VALUES (286, 2, 'admin/bankcard', 'GET', '127.0.0.1', '{\"_pjax\":\"#pjax-container\"}', '2019-02-13 16:49:50', '2019-02-13 16:49:50');
INSERT INTO `admin_operation_log` VALUES (287, 2, 'admin/bankcard/create', 'GET', '127.0.0.1', '{\"_pjax\":\"#pjax-container\"}', '2019-02-13 16:49:52', '2019-02-13 16:49:52');
INSERT INTO `admin_operation_log` VALUES (288, 2, 'admin/bankcard', 'GET', '127.0.0.1', '{\"_pjax\":\"#pjax-container\"}', '2019-02-13 16:49:55', '2019-02-13 16:49:55');
INSERT INTO `admin_operation_log` VALUES (289, 2, 'admin/bankcard/1/edit', 'GET', '127.0.0.1', '{\"_pjax\":\"#pjax-container\"}', '2019-02-13 16:49:58', '2019-02-13 16:49:58');
INSERT INTO `admin_operation_log` VALUES (290, 2, 'admin/bankcard/1', 'GET', '127.0.0.1', '{\"_pjax\":\"#pjax-container\"}', '2019-02-13 16:50:07', '2019-02-13 16:50:07');
INSERT INTO `admin_operation_log` VALUES (291, 2, 'admin/bankcard', 'GET', '127.0.0.1', '{\"_pjax\":\"#pjax-container\"}', '2019-02-13 16:50:12', '2019-02-13 16:50:12');
INSERT INTO `admin_operation_log` VALUES (292, 2, 'admin/bankcard/create', 'GET', '127.0.0.1', '{\"_pjax\":\"#pjax-container\"}', '2019-02-13 16:50:21', '2019-02-13 16:50:21');
INSERT INTO `admin_operation_log` VALUES (293, 2, 'admin/bankcard', 'POST', '127.0.0.1', '{\"bankname\":\"\\u4e2d\\u56fd\\u519c\\u4e1a\\u94f6\\u884c\",\"bankcode\":\"ABC\",\"account\":\"\\u8096\\u8000\\u4f1f\",\"card_number\":\"6230520760011027478\",\"branch\":null,\"count\":\"0\",\"money\":\"0\",\"status\":\"on\",\"_token\":\"mc6J1D1Jr6DfnoXjUs5tuXxbBDzWF5PiqPjDO6wV\",\"_previous_\":\"http:\\/\\/www.alipayqrcode.local\\/admin\\/bankcard\"}', '2019-02-13 16:51:20', '2019-02-13 16:51:20');
INSERT INTO `admin_operation_log` VALUES (294, 2, 'admin/bankcard', 'GET', '127.0.0.1', '[]', '2019-02-13 16:51:21', '2019-02-13 16:51:21');
INSERT INTO `admin_operation_log` VALUES (295, 2, 'admin/bankcard', 'GET', '127.0.0.1', '{\"_pjax\":\"#pjax-container\"}', '2019-02-13 16:51:36', '2019-02-13 16:51:36');
INSERT INTO `admin_operation_log` VALUES (296, 2, 'admin/bankcard', 'GET', '127.0.0.1', '{\"_pjax\":\"#pjax-container\"}', '2019-02-13 16:51:37', '2019-02-13 16:51:37');
INSERT INTO `admin_operation_log` VALUES (297, 2, 'admin/bankcard', 'GET', '127.0.0.1', '[]', '2019-02-13 16:52:21', '2019-02-13 16:52:21');
INSERT INTO `admin_operation_log` VALUES (298, 2, 'admin/bankcard', 'GET', '127.0.0.1', '[]', '2019-02-13 16:52:25', '2019-02-13 16:52:25');
INSERT INTO `admin_operation_log` VALUES (299, 2, 'admin/sms', 'GET', '127.0.0.1', '{\"_pjax\":\"#pjax-container\"}', '2019-02-13 16:52:32', '2019-02-13 16:52:32');
INSERT INTO `admin_operation_log` VALUES (300, 2, 'admin/sms/149/edit', 'GET', '127.0.0.1', '{\"_pjax\":\"#pjax-container\"}', '2019-02-13 16:52:36', '2019-02-13 16:52:36');
INSERT INTO `admin_operation_log` VALUES (301, 2, 'admin/bankcard', 'GET', '127.0.0.1', '{\"_pjax\":\"#pjax-container\"}', '2019-02-13 16:52:41', '2019-02-13 16:52:41');
INSERT INTO `admin_operation_log` VALUES (302, 2, 'admin/bankcard', 'GET', '127.0.0.1', '[]', '2019-02-14 09:42:58', '2019-02-14 09:42:58');
INSERT INTO `admin_operation_log` VALUES (303, 2, 'admin/bankcard/2/edit', 'GET', '127.0.0.1', '{\"_pjax\":\"#pjax-container\"}', '2019-02-14 09:43:03', '2019-02-14 09:43:03');
INSERT INTO `admin_operation_log` VALUES (304, 2, 'admin/bankcard/2', 'PUT', '127.0.0.1', '{\"bankname\":\"\\u4e2d\\u56fd\\u5de5\\u5546\\u94f6\\u884c\",\"bankcode\":\"ICBC\",\"account\":\"\\u848b\\u52b2\\u677e\",\"card_number\":\"2103230101207490912\",\"branch\":null,\"count\":\"0\",\"money\":\"0\",\"status\":\"on\",\"_token\":\"nT8HfpNtkyO6F2OrYGA9ejAlUga6TryjJbz8RMMu\",\"_method\":\"PUT\",\"_previous_\":\"http:\\/\\/www.alipayqrcode.local\\/admin\\/bankcard\"}', '2019-02-14 09:43:12', '2019-02-14 09:43:12');
INSERT INTO `admin_operation_log` VALUES (305, 2, 'admin/bankcard', 'GET', '127.0.0.1', '[]', '2019-02-14 09:43:13', '2019-02-14 09:43:13');
INSERT INTO `admin_operation_log` VALUES (306, 1, 'admin', 'GET', '222.127.22.36', '[]', '2019-02-15 11:16:59', '2019-02-15 11:16:59');
INSERT INTO `admin_operation_log` VALUES (307, 2, 'admin/bankcard', 'GET', '127.0.0.1', '[]', '2019-02-15 14:06:21', '2019-02-15 14:06:21');
INSERT INTO `admin_operation_log` VALUES (308, 2, 'admin/sms', 'GET', '127.0.0.1', '{\"_pjax\":\"#pjax-container\"}', '2019-02-15 14:06:23', '2019-02-15 14:06:23');
INSERT INTO `admin_operation_log` VALUES (309, 2, 'admin/bankcard', 'GET', '127.0.0.1', '{\"_pjax\":\"#pjax-container\"}', '2019-02-15 14:06:25', '2019-02-15 14:06:25');
INSERT INTO `admin_operation_log` VALUES (310, 2, 'admin', 'GET', '127.0.0.1', '[]', '2019-02-25 15:58:16', '2019-02-25 15:58:16');
INSERT INTO `admin_operation_log` VALUES (311, 2, 'admin/sms', 'GET', '127.0.0.1', '{\"_pjax\":\"#pjax-container\"}', '2019-02-25 15:58:20', '2019-02-25 15:58:20');
INSERT INTO `admin_operation_log` VALUES (312, 1, 'admin', 'GET', '222.127.22.36', '[]', '2019-02-25 15:58:57', '2019-02-25 15:58:57');
INSERT INTO `admin_operation_log` VALUES (313, 1, 'admin/sms', 'GET', '222.127.22.36', '{\"_pjax\":\"#pjax-container\"}', '2019-02-25 15:59:00', '2019-02-25 15:59:00');
INSERT INTO `admin_operation_log` VALUES (314, 1, 'admin/auth/users', 'GET', '222.127.22.36', '{\"_pjax\":\"#pjax-container\"}', '2019-02-25 16:10:34', '2019-02-25 16:10:34');
INSERT INTO `admin_operation_log` VALUES (315, 1, 'admin/bankcard', 'GET', '222.127.22.36', '{\"_pjax\":\"#pjax-container\"}', '2019-02-25 16:10:43', '2019-02-25 16:10:43');
INSERT INTO `admin_operation_log` VALUES (316, 1, 'admin/auth/logout', 'GET', '222.127.22.36', '{\"_pjax\":\"#pjax-container\"}', '2019-02-25 16:10:57', '2019-02-25 16:10:57');
INSERT INTO `admin_operation_log` VALUES (317, 1, 'admin', 'GET', '222.127.22.36', '[]', '2019-02-25 16:15:01', '2019-02-25 16:15:01');
INSERT INTO `admin_operation_log` VALUES (318, 1, 'admin/bankcard', 'GET', '222.127.22.36', '{\"_pjax\":\"#pjax-container\"}', '2019-02-25 16:15:06', '2019-02-25 16:15:06');
INSERT INTO `admin_operation_log` VALUES (319, 1, 'admin/bankcard/create', 'GET', '222.127.22.36', '{\"_pjax\":\"#pjax-container\"}', '2019-02-25 16:15:09', '2019-02-25 16:15:09');
INSERT INTO `admin_operation_log` VALUES (320, 1, 'admin/bankcard', 'GET', '222.127.22.36', '{\"_pjax\":\"#pjax-container\"}', '2019-02-25 16:15:20', '2019-02-25 16:15:20');
INSERT INTO `admin_operation_log` VALUES (321, 1, 'admin/bankcard/create', 'GET', '222.127.22.36', '{\"_pjax\":\"#pjax-container\"}', '2019-02-25 16:15:28', '2019-02-25 16:15:28');
INSERT INTO `admin_operation_log` VALUES (322, 1, 'admin/bankcard', 'GET', '222.127.22.36', '{\"_pjax\":\"#pjax-container\"}', '2019-02-25 16:15:30', '2019-02-25 16:15:30');
INSERT INTO `admin_operation_log` VALUES (323, 1, 'admin/bankcard', 'GET', '222.127.22.36', '{\"_pjax\":\"#pjax-container\"}', '2019-02-25 16:15:33', '2019-02-25 16:15:33');
INSERT INTO `admin_operation_log` VALUES (324, 1, 'admin/bankcard/create', 'GET', '222.127.22.36', '{\"_pjax\":\"#pjax-container\"}', '2019-02-25 16:15:36', '2019-02-25 16:15:36');
INSERT INTO `admin_operation_log` VALUES (325, 1, 'admin/bankcard', 'GET', '222.127.22.36', '{\"_pjax\":\"#pjax-container\"}', '2019-02-25 16:16:26', '2019-02-25 16:16:26');
INSERT INTO `admin_operation_log` VALUES (326, 1, 'admin/bankcard/2', 'GET', '222.127.22.36', '{\"_pjax\":\"#pjax-container\"}', '2019-02-25 16:16:29', '2019-02-25 16:16:29');
INSERT INTO `admin_operation_log` VALUES (327, 1, 'admin/bankcard', 'GET', '222.127.22.36', '{\"_pjax\":\"#pjax-container\"}', '2019-02-25 16:16:35', '2019-02-25 16:16:35');
INSERT INTO `admin_operation_log` VALUES (328, 1, 'admin/bankcard/3/edit', 'GET', '222.127.22.36', '{\"_pjax\":\"#pjax-container\"}', '2019-02-25 16:16:52', '2019-02-25 16:16:52');
INSERT INTO `admin_operation_log` VALUES (329, 1, 'admin/bankcard/3', 'PUT', '222.127.22.36', '{\"bankname\":\"\\u4e2d\\u56fd\\u519c\\u4e1a\\u94f6\\u884c\",\"bankcode\":\"ABC\",\"account\":\"\\u8096\\u8000\\u4f1f\",\"card_number\":\"6230520760011027478\",\"branch\":null,\"count\":\"0\",\"money\":\"0\",\"status\":\"off\",\"_token\":\"GoM1j1zxwZtmZrCaVP0wAaRKN5CaBCEcP5nadT4U\",\"_method\":\"PUT\",\"_previous_\":\"http:\\/\\/sms.ay728.com\\/admin\\/bankcard\"}', '2019-02-25 16:17:00', '2019-02-25 16:17:00');
INSERT INTO `admin_operation_log` VALUES (330, 1, 'admin/bankcard', 'GET', '222.127.22.36', '[]', '2019-02-25 16:17:00', '2019-02-25 16:17:00');
INSERT INTO `admin_operation_log` VALUES (331, 1, 'admin/bankcard/create', 'GET', '222.127.22.36', '{\"_pjax\":\"#pjax-container\"}', '2019-02-25 16:17:15', '2019-02-25 16:17:15');
INSERT INTO `admin_operation_log` VALUES (332, 1, 'admin/bankcard', 'GET', '222.127.22.36', '{\"_pjax\":\"#pjax-container\"}', '2019-02-25 16:17:16', '2019-02-25 16:17:16');
INSERT INTO `admin_operation_log` VALUES (333, 1, 'admin/bankcard/create', 'GET', '222.127.22.36', '{\"_pjax\":\"#pjax-container\"}', '2019-02-25 16:17:20', '2019-02-25 16:17:20');
INSERT INTO `admin_operation_log` VALUES (334, 1, 'admin/bankcard', 'GET', '222.127.22.36', '{\"_pjax\":\"#pjax-container\"}', '2019-02-25 16:18:16', '2019-02-25 16:18:16');
INSERT INTO `admin_operation_log` VALUES (335, 1, 'admin/bankcard/create', 'GET', '222.127.22.36', '{\"_pjax\":\"#pjax-container\"}', '2019-02-25 16:18:18', '2019-02-25 16:18:18');
INSERT INTO `admin_operation_log` VALUES (336, 2, 'admin', 'GET', '222.127.22.36', '[]', '2019-02-25 16:18:43', '2019-02-25 16:18:43');
INSERT INTO `admin_operation_log` VALUES (337, 2, 'admin/sms', 'GET', '222.127.22.36', '{\"_pjax\":\"#pjax-container\"}', '2019-02-25 16:18:46', '2019-02-25 16:18:46');
INSERT INTO `admin_operation_log` VALUES (338, 2, 'admin/sms', 'GET', '222.127.22.36', '{\"_pjax\":\"#pjax-container\"}', '2019-02-25 16:18:48', '2019-02-25 16:18:48');
INSERT INTO `admin_operation_log` VALUES (339, 2, 'admin/bankcard', 'GET', '222.127.22.36', '{\"_pjax\":\"#pjax-container\"}', '2019-02-25 16:18:52', '2019-02-25 16:18:52');
INSERT INTO `admin_operation_log` VALUES (340, 1, 'admin/bankcard', 'POST', '222.127.22.36', '{\"bankname\":\"\\u4e2d\\u56fd\\u519c\\u4e1a\\u94f6\\u884c\",\"bankcode\":\"ABC\",\"account\":\"\\u5b59\\u4e3d\",\"card_number\":\"6228480049076616371\",\"branch\":null,\"count\":\"0\",\"money\":\"0\",\"status\":\"on\",\"_token\":\"GoM1j1zxwZtmZrCaVP0wAaRKN5CaBCEcP5nadT4U\",\"_previous_\":\"http:\\/\\/sms.ay728.com\\/admin\\/bankcard\"}', '2019-02-25 16:18:55', '2019-02-25 16:18:55');
INSERT INTO `admin_operation_log` VALUES (341, 1, 'admin/bankcard', 'GET', '222.127.22.36', '[]', '2019-02-25 16:18:55', '2019-02-25 16:18:55');
INSERT INTO `admin_operation_log` VALUES (342, 1, 'admin/bankcard/2/edit', 'GET', '222.127.22.36', '{\"_pjax\":\"#pjax-container\"}', '2019-02-25 16:18:58', '2019-02-25 16:18:58');
INSERT INTO `admin_operation_log` VALUES (343, 1, 'admin/bankcard/2', 'PUT', '222.127.22.36', '{\"bankname\":\"\\u4e2d\\u56fd\\u5de5\\u5546\\u94f6\\u884c\",\"bankcode\":\"ICBC\",\"account\":\"\\u848b\\u52b2\\u677e\",\"card_number\":\"2103230101207490912\",\"branch\":null,\"count\":\"0\",\"money\":\"0\",\"status\":\"off\",\"_token\":\"GoM1j1zxwZtmZrCaVP0wAaRKN5CaBCEcP5nadT4U\",\"_method\":\"PUT\",\"_previous_\":\"http:\\/\\/sms.ay728.com\\/admin\\/bankcard\"}', '2019-02-25 16:19:01', '2019-02-25 16:19:01');
INSERT INTO `admin_operation_log` VALUES (344, 1, 'admin/bankcard', 'GET', '222.127.22.36', '[]', '2019-02-25 16:19:02', '2019-02-25 16:19:02');
INSERT INTO `admin_operation_log` VALUES (345, 1, 'admin/bankcard/1/edit', 'GET', '222.127.22.36', '{\"_pjax\":\"#pjax-container\"}', '2019-02-25 16:19:04', '2019-02-25 16:19:04');
INSERT INTO `admin_operation_log` VALUES (346, 1, 'admin/bankcard/1', 'PUT', '222.127.22.36', '{\"bankname\":\"\\u4e2d\\u56fd\\u519c\\u4e1a\\u94f6\\u884c\",\"bankcode\":\"ABC\",\"account\":\"\\u8881\\u6587\\u519b\",\"card_number\":\"6228481089405098270\",\"branch\":null,\"count\":\"0\",\"money\":\"0\",\"status\":\"off\",\"_token\":\"GoM1j1zxwZtmZrCaVP0wAaRKN5CaBCEcP5nadT4U\",\"_method\":\"PUT\",\"_previous_\":\"http:\\/\\/sms.ay728.com\\/admin\\/bankcard\"}', '2019-02-25 16:19:11', '2019-02-25 16:19:11');
INSERT INTO `admin_operation_log` VALUES (347, 1, 'admin/bankcard', 'GET', '222.127.22.36', '[]', '2019-02-25 16:19:11', '2019-02-25 16:19:11');
INSERT INTO `admin_operation_log` VALUES (348, 2, 'admin/bankcard', 'GET', '222.127.22.36', '{\"_pjax\":\"#pjax-container\"}', '2019-02-25 16:23:01', '2019-02-25 16:23:01');
INSERT INTO `admin_operation_log` VALUES (349, 2, 'admin/sms', 'GET', '222.127.22.36', '{\"_pjax\":\"#pjax-container\"}', '2019-02-25 16:23:52', '2019-02-25 16:23:52');
INSERT INTO `admin_operation_log` VALUES (350, 2, 'admin/sms', 'GET', '222.127.22.36', '{\"_pjax\":\"#pjax-container\"}', '2019-02-25 16:24:02', '2019-02-25 16:24:02');
INSERT INTO `admin_operation_log` VALUES (351, 2, 'admin/sms', 'GET', '222.127.22.36', '{\"_pjax\":\"#pjax-container\"}', '2019-02-25 16:25:14', '2019-02-25 16:25:14');
INSERT INTO `admin_operation_log` VALUES (352, 2, 'admin/sms', 'GET', '222.127.22.36', '{\"_pjax\":\"#pjax-container\"}', '2019-02-25 16:32:02', '2019-02-25 16:32:02');
INSERT INTO `admin_operation_log` VALUES (353, 2, 'admin/sms', 'GET', '222.127.22.36', '{\"_pjax\":\"#pjax-container\"}', '2019-02-25 16:34:40', '2019-02-25 16:34:40');
INSERT INTO `admin_operation_log` VALUES (354, 2, 'admin/bankcard', 'GET', '222.127.22.36', '{\"_pjax\":\"#pjax-container\"}', '2019-02-25 17:26:29', '2019-02-25 17:26:29');
INSERT INTO `admin_operation_log` VALUES (355, 2, 'admin', 'GET', '222.127.22.36', '[]', '2019-02-25 17:26:48', '2019-02-25 17:26:48');
INSERT INTO `admin_operation_log` VALUES (356, 1, 'admin', 'GET', '127.0.0.1', '[]', '2019-02-26 10:14:04', '2019-02-26 10:14:04');
INSERT INTO `admin_operation_log` VALUES (357, 1, 'admin/auth/users', 'GET', '127.0.0.1', '{\"_pjax\":\"#pjax-container\"}', '2019-02-26 10:14:42', '2019-02-26 10:14:42');
INSERT INTO `admin_operation_log` VALUES (358, 1, 'admin/config', 'GET', '127.0.0.1', '{\"_pjax\":\"#pjax-container\"}', '2019-02-26 10:14:50', '2019-02-26 10:14:50');
INSERT INTO `admin_operation_log` VALUES (359, 1, 'admin/sms', 'GET', '127.0.0.1', '{\"_pjax\":\"#pjax-container\"}', '2019-02-26 10:14:52', '2019-02-26 10:14:52');
INSERT INTO `admin_operation_log` VALUES (360, 1, 'admin/sms', 'GET', '127.0.0.1', '{\"_pjax\":\"#pjax-container\",\"page\":\"2\"}', '2019-02-26 10:15:56', '2019-02-26 10:15:56');
INSERT INTO `admin_operation_log` VALUES (361, 1, 'admin/bankcard', 'GET', '127.0.0.1', '{\"_pjax\":\"#pjax-container\"}', '2019-02-26 10:16:03', '2019-02-26 10:16:03');
INSERT INTO `admin_operation_log` VALUES (362, 1, 'admin', 'GET', '127.0.0.1', '{\"_pjax\":\"#pjax-container\"}', '2019-02-26 10:17:11', '2019-02-26 10:17:11');
INSERT INTO `admin_operation_log` VALUES (363, 1, 'admin/config', 'GET', '127.0.0.1', '{\"_pjax\":\"#pjax-container\"}', '2019-02-26 10:19:26', '2019-02-26 10:19:26');
INSERT INTO `admin_operation_log` VALUES (364, 1, 'admin/config/1/edit', 'GET', '127.0.0.1', '{\"_pjax\":\"#pjax-container\"}', '2019-02-26 10:19:50', '2019-02-26 10:19:50');
INSERT INTO `admin_operation_log` VALUES (365, 1, 'admin/config', 'GET', '127.0.0.1', '{\"_pjax\":\"#pjax-container\"}', '2019-02-26 10:19:54', '2019-02-26 10:19:54');
INSERT INTO `admin_operation_log` VALUES (366, 1, 'admin/sms', 'GET', '127.0.0.1', '{\"_pjax\":\"#pjax-container\"}', '2019-02-26 10:42:15', '2019-02-26 10:42:15');
INSERT INTO `admin_operation_log` VALUES (367, 2, 'admin', 'GET', '222.127.22.36', '[]', '2019-02-26 10:48:28', '2019-02-26 10:48:28');
INSERT INTO `admin_operation_log` VALUES (368, 2, 'admin/sms', 'GET', '222.127.22.36', '{\"_pjax\":\"#pjax-container\"}', '2019-02-26 10:48:53', '2019-02-26 10:48:53');
INSERT INTO `admin_operation_log` VALUES (369, 2, 'admin/config', 'GET', '222.127.22.36', '{\"_pjax\":\"#pjax-container\"}', '2019-02-26 10:49:04', '2019-02-26 10:49:04');
INSERT INTO `admin_operation_log` VALUES (370, 2, 'admin/sms', 'GET', '222.127.22.36', '{\"_pjax\":\"#pjax-container\"}', '2019-02-26 10:49:08', '2019-02-26 10:49:08');
INSERT INTO `admin_operation_log` VALUES (371, 2, 'admin/bankcard', 'GET', '222.127.22.36', '{\"_pjax\":\"#pjax-container\"}', '2019-02-26 10:51:36', '2019-02-26 10:51:36');
INSERT INTO `admin_operation_log` VALUES (372, 2, 'admin/config', 'GET', '222.127.22.36', '{\"_pjax\":\"#pjax-container\"}', '2019-02-26 10:57:40', '2019-02-26 10:57:40');
INSERT INTO `admin_operation_log` VALUES (373, 2, 'admin/config', 'GET', '222.127.22.36', '{\"_pjax\":\"#pjax-container\"}', '2019-02-26 11:08:08', '2019-02-26 11:08:08');
INSERT INTO `admin_operation_log` VALUES (374, 2, 'admin/sms', 'GET', '222.127.22.36', '{\"_pjax\":\"#pjax-container\"}', '2019-02-26 11:08:11', '2019-02-26 11:08:11');
INSERT INTO `admin_operation_log` VALUES (375, 2, 'admin/sms', 'GET', '222.127.22.36', '{\"_pjax\":\"#pjax-container\"}', '2019-02-26 11:08:12', '2019-02-26 11:08:12');
INSERT INTO `admin_operation_log` VALUES (376, 2, 'admin/sms', 'GET', '222.127.22.36', '{\"_pjax\":\"#pjax-container\"}', '2019-02-26 11:08:14', '2019-02-26 11:08:14');
INSERT INTO `admin_operation_log` VALUES (377, 2, 'admin/bankcard', 'GET', '222.127.22.36', '{\"_pjax\":\"#pjax-container\"}', '2019-02-26 11:08:44', '2019-02-26 11:08:44');
INSERT INTO `admin_operation_log` VALUES (378, 2, 'admin/sms', 'GET', '222.127.22.36', '{\"_pjax\":\"#pjax-container\"}', '2019-02-26 11:08:45', '2019-02-26 11:08:45');
INSERT INTO `admin_operation_log` VALUES (379, 2, 'admin/config', 'GET', '222.127.22.36', '{\"_pjax\":\"#pjax-container\"}', '2019-02-26 11:08:46', '2019-02-26 11:08:46');
INSERT INTO `admin_operation_log` VALUES (380, 2, 'admin/sms', 'GET', '222.127.22.36', '{\"_pjax\":\"#pjax-container\"}', '2019-02-26 11:08:49', '2019-02-26 11:08:49');
INSERT INTO `admin_operation_log` VALUES (381, 2, 'admin/sms', 'GET', '222.127.22.36', '{\"_pjax\":\"#pjax-container\"}', '2019-02-26 11:11:24', '2019-02-26 11:11:24');
INSERT INTO `admin_operation_log` VALUES (382, 1, 'admin', 'GET', '127.0.0.1', '{\"_pjax\":\"#pjax-container\"}', '2019-02-26 11:14:20', '2019-02-26 11:14:20');
INSERT INTO `admin_operation_log` VALUES (383, 1, 'admin', 'GET', '127.0.0.1', '[]', '2019-02-26 14:37:50', '2019-02-26 14:37:50');
INSERT INTO `admin_operation_log` VALUES (384, 1, 'admin/bankcard', 'GET', '127.0.0.1', '{\"_pjax\":\"#pjax-container\"}', '2019-02-26 15:10:57', '2019-02-26 15:10:57');
INSERT INTO `admin_operation_log` VALUES (385, 1, 'admin/bankcard/4', 'GET', '127.0.0.1', '{\"_pjax\":\"#pjax-container\"}', '2019-02-26 15:13:45', '2019-02-26 15:13:45');
INSERT INTO `admin_operation_log` VALUES (386, 1, 'admin/bankcard/4/edit', 'GET', '127.0.0.1', '{\"_pjax\":\"#pjax-container\"}', '2019-02-26 15:13:49', '2019-02-26 15:13:49');
INSERT INTO `admin_operation_log` VALUES (387, 1, 'admin/bankcard', 'GET', '127.0.0.1', '{\"_pjax\":\"#pjax-container\"}', '2019-02-26 15:14:00', '2019-02-26 15:14:00');
INSERT INTO `admin_operation_log` VALUES (388, 1, 'admin/sms', 'GET', '127.0.0.1', '{\"_pjax\":\"#pjax-container\"}', '2019-02-26 15:16:49', '2019-02-26 15:16:49');
INSERT INTO `admin_operation_log` VALUES (389, 1, 'admin', 'GET', '127.0.0.1', '[]', '2019-02-27 09:29:46', '2019-02-27 09:29:46');
INSERT INTO `admin_operation_log` VALUES (390, 1, 'admin/sms', 'GET', '127.0.0.1', '{\"_pjax\":\"#pjax-container\"}', '2019-02-27 09:29:50', '2019-02-27 09:29:50');
INSERT INTO `admin_operation_log` VALUES (391, 1, 'admin/auth/menu', 'GET', '127.0.0.1', '{\"_pjax\":\"#pjax-container\"}', '2019-02-27 09:29:59', '2019-02-27 09:29:59');
INSERT INTO `admin_operation_log` VALUES (392, 2, 'admin', 'GET', '222.127.22.36', '[]', '2019-03-23 13:04:35', '2019-03-23 13:04:35');
INSERT INTO `admin_operation_log` VALUES (393, 2, 'admin', 'GET', '127.0.0.1', '[]', '2019-03-23 15:03:03', '2019-03-23 15:03:03');
INSERT INTO `admin_operation_log` VALUES (394, 2, 'admin/config', 'GET', '127.0.0.1', '{\"_pjax\":\"#pjax-container\"}', '2019-03-23 15:06:02', '2019-03-23 15:06:02');
INSERT INTO `admin_operation_log` VALUES (395, 2, 'admin/auth/menu', 'GET', '127.0.0.1', '{\"_pjax\":\"#pjax-container\"}', '2019-03-23 15:06:10', '2019-03-23 15:06:10');
INSERT INTO `admin_operation_log` VALUES (396, 2, 'admin/config', 'GET', '127.0.0.1', '{\"_pjax\":\"#pjax-container\"}', '2019-03-23 15:06:20', '2019-03-23 15:06:20');
INSERT INTO `admin_operation_log` VALUES (397, 2, 'admin/auth/menu', 'GET', '127.0.0.1', '{\"_pjax\":\"#pjax-container\"}', '2019-03-23 15:06:25', '2019-03-23 15:06:25');
INSERT INTO `admin_operation_log` VALUES (398, 2, 'admin', 'GET', '127.0.0.1', '{\"_pjax\":\"#pjax-container\"}', '2019-03-23 15:07:01', '2019-03-23 15:07:01');
INSERT INTO `admin_operation_log` VALUES (399, 2, 'admin', 'GET', '127.0.0.1', '{\"_pjax\":\"#pjax-container\"}', '2019-03-23 15:07:03', '2019-03-23 15:07:03');
INSERT INTO `admin_operation_log` VALUES (400, 2, 'admin', 'GET', '127.0.0.1', '[]', '2019-03-23 15:14:26', '2019-03-23 15:14:26');
INSERT INTO `admin_operation_log` VALUES (401, 2, 'admin', 'GET', '127.0.0.1', '[]', '2019-03-23 15:19:22', '2019-03-23 15:19:22');
INSERT INTO `admin_operation_log` VALUES (402, 2, 'admin', 'GET', '127.0.0.1', '{\"_pjax\":\"#pjax-container\"}', '2019-03-23 15:19:32', '2019-03-23 15:19:32');
INSERT INTO `admin_operation_log` VALUES (403, 2, 'admin', 'GET', '127.0.0.1', '[]', '2019-03-23 15:19:41', '2019-03-23 15:19:41');
INSERT INTO `admin_operation_log` VALUES (404, 2, 'admin', 'GET', '127.0.0.1', '[]', '2019-03-23 15:22:58', '2019-03-23 15:22:58');
INSERT INTO `admin_operation_log` VALUES (405, 2, 'admin', 'GET', '127.0.0.1', '[]', '2019-03-23 15:23:02', '2019-03-23 15:23:02');
INSERT INTO `admin_operation_log` VALUES (406, 2, 'admin/auth/logout', 'GET', '127.0.0.1', '{\"_pjax\":\"#pjax-container\"}', '2019-03-23 15:23:53', '2019-03-23 15:23:53');
INSERT INTO `admin_operation_log` VALUES (407, 2, 'admin', 'GET', '127.0.0.1', '[]', '2019-03-23 15:23:56', '2019-03-23 15:23:56');
INSERT INTO `admin_operation_log` VALUES (408, 2, 'admin', 'GET', '127.0.0.1', '[]', '2019-03-23 15:24:00', '2019-03-23 15:24:00');
INSERT INTO `admin_operation_log` VALUES (409, 2, 'admin', 'GET', '127.0.0.1', '[]', '2019-03-23 15:25:07', '2019-03-23 15:25:07');
INSERT INTO `admin_operation_log` VALUES (410, 2, 'admin', 'GET', '127.0.0.1', '[]', '2019-03-23 17:55:08', '2019-03-23 17:55:08');
INSERT INTO `admin_operation_log` VALUES (411, 2, 'admin', 'GET', '127.0.0.1', '[]', '2019-03-23 17:58:56', '2019-03-23 17:58:56');
INSERT INTO `admin_operation_log` VALUES (412, 2, 'admin', 'GET', '127.0.0.1', '[]', '2019-03-23 18:00:05', '2019-03-23 18:00:05');
INSERT INTO `admin_operation_log` VALUES (413, 2, 'admin', 'GET', '127.0.0.1', '[]', '2019-03-23 19:03:59', '2019-03-23 19:03:59');
INSERT INTO `admin_operation_log` VALUES (414, 2, 'admin', 'GET', '127.0.0.1', '[]', '2019-03-23 20:40:00', '2019-03-23 20:40:00');
INSERT INTO `admin_operation_log` VALUES (415, 2, 'admin', 'GET', '127.0.0.1', '[]', '2019-03-23 20:43:05', '2019-03-23 20:43:05');
INSERT INTO `admin_operation_log` VALUES (416, 2, 'admin', 'GET', '127.0.0.1', '[]', '2019-03-23 20:43:17', '2019-03-23 20:43:17');
INSERT INTO `admin_operation_log` VALUES (417, 2, 'admin', 'GET', '127.0.0.1', '[]', '2019-03-23 20:43:42', '2019-03-23 20:43:42');
INSERT INTO `admin_operation_log` VALUES (418, 2, 'admin', 'GET', '127.0.0.1', '[]', '2019-03-23 20:45:35', '2019-03-23 20:45:35');
INSERT INTO `admin_operation_log` VALUES (419, 2, 'admin', 'GET', '127.0.0.1', '[]', '2019-03-23 20:46:42', '2019-03-23 20:46:42');
INSERT INTO `admin_operation_log` VALUES (420, 2, 'admin', 'GET', '127.0.0.1', '[]', '2019-03-23 21:00:24', '2019-03-23 21:00:24');
INSERT INTO `admin_operation_log` VALUES (421, 2, 'admin', 'GET', '127.0.0.1', '[]', '2019-03-23 21:00:39', '2019-03-23 21:00:39');
INSERT INTO `admin_operation_log` VALUES (422, 2, 'admin', 'GET', '127.0.0.1', '[]', '2019-03-23 21:11:52', '2019-03-23 21:11:52');
INSERT INTO `admin_operation_log` VALUES (423, 2, 'admin', 'GET', '127.0.0.1', '[]', '2019-03-23 21:17:14', '2019-03-23 21:17:14');
INSERT INTO `admin_operation_log` VALUES (424, 2, 'admin', 'GET', '127.0.0.1', '[]', '2019-03-23 21:19:05', '2019-03-23 21:19:05');
INSERT INTO `admin_operation_log` VALUES (425, 2, 'admin', 'GET', '127.0.0.1', '[]', '2019-03-23 21:20:41', '2019-03-23 21:20:41');
INSERT INTO `admin_operation_log` VALUES (426, 2, 'admin', 'GET', '127.0.0.1', '[]', '2019-03-23 21:21:07', '2019-03-23 21:21:07');
INSERT INTO `admin_operation_log` VALUES (427, 2, 'admin', 'GET', '127.0.0.1', '[]', '2019-03-23 21:22:20', '2019-03-23 21:22:20');
INSERT INTO `admin_operation_log` VALUES (428, 2, 'admin', 'GET', '127.0.0.1', '[]', '2019-03-23 21:22:49', '2019-03-23 21:22:49');
INSERT INTO `admin_operation_log` VALUES (429, 2, 'admin', 'GET', '127.0.0.1', '[]', '2019-03-23 21:23:47', '2019-03-23 21:23:47');
INSERT INTO `admin_operation_log` VALUES (430, 2, 'admin', 'GET', '127.0.0.1', '[]', '2019-03-23 21:23:51', '2019-03-23 21:23:51');
INSERT INTO `admin_operation_log` VALUES (431, 2, 'admin', 'GET', '127.0.0.1', '[]', '2019-03-23 21:24:28', '2019-03-23 21:24:28');
INSERT INTO `admin_operation_log` VALUES (432, 2, 'admin', 'GET', '127.0.0.1', '[]', '2019-03-25 10:16:12', '2019-03-25 10:16:12');
INSERT INTO `admin_operation_log` VALUES (433, 2, 'admin', 'GET', '127.0.0.1', '[]', '2019-03-25 11:15:05', '2019-03-25 11:15:05');
INSERT INTO `admin_operation_log` VALUES (434, 2, 'admin/auth/logout', 'GET', '127.0.0.1', '{\"_pjax\":\"#pjax-container\"}', '2019-03-25 11:17:24', '2019-03-25 11:17:24');
INSERT INTO `admin_operation_log` VALUES (435, 2, 'admin', 'GET', '127.0.0.1', '[]', '2019-03-25 11:20:11', '2019-03-25 11:20:11');
INSERT INTO `admin_operation_log` VALUES (436, 2, 'admin', 'GET', '127.0.0.1', '{\"_pjax\":\"#pjax-container\"}', '2019-03-25 11:20:17', '2019-03-25 11:20:17');
INSERT INTO `admin_operation_log` VALUES (437, 2, 'admin', 'GET', '127.0.0.1', '[]', '2019-03-25 11:23:53', '2019-03-25 11:23:53');
INSERT INTO `admin_operation_log` VALUES (438, 2, 'admin/config', 'GET', '127.0.0.1', '{\"_pjax\":\"#pjax-container\"}', '2019-03-25 11:23:59', '2019-03-25 11:23:59');
INSERT INTO `admin_operation_log` VALUES (439, 2, 'admin/sms', 'GET', '127.0.0.1', '{\"_pjax\":\"#pjax-container\"}', '2019-03-25 11:24:01', '2019-03-25 11:24:01');
INSERT INTO `admin_operation_log` VALUES (440, 2, 'admin/bankcard', 'GET', '127.0.0.1', '{\"_pjax\":\"#pjax-container\"}', '2019-03-25 11:24:10', '2019-03-25 11:24:10');
INSERT INTO `admin_operation_log` VALUES (441, 2, 'admin/sms', 'GET', '127.0.0.1', '{\"_pjax\":\"#pjax-container\"}', '2019-03-25 11:24:12', '2019-03-25 11:24:12');
INSERT INTO `admin_operation_log` VALUES (442, 2, 'admin/bankcard', 'GET', '127.0.0.1', '{\"_pjax\":\"#pjax-container\"}', '2019-03-25 11:24:18', '2019-03-25 11:24:18');
INSERT INTO `admin_operation_log` VALUES (443, 2, 'admin/bankcard', 'GET', '127.0.0.1', '[]', '2019-03-25 11:50:59', '2019-03-25 11:50:59');
INSERT INTO `admin_operation_log` VALUES (444, 2, 'admin', 'GET', '127.0.0.1', '[]', '2019-03-25 11:51:19', '2019-03-25 11:51:19');
INSERT INTO `admin_operation_log` VALUES (445, 2, 'admin/auth/menu', 'GET', '127.0.0.1', '{\"_pjax\":\"#pjax-container\"}', '2019-03-25 11:51:25', '2019-03-25 11:51:25');
INSERT INTO `admin_operation_log` VALUES (446, 2, 'admin/auth/menu/9', 'DELETE', '127.0.0.1', '{\"_method\":\"delete\",\"_token\":\"puSM3nMtEyXCe6jg2JEIQut7QTFMhMUH96GoFIMp\"}', '2019-03-25 11:51:36', '2019-03-25 11:51:36');
INSERT INTO `admin_operation_log` VALUES (447, 2, 'admin/auth/menu', 'GET', '127.0.0.1', '{\"_pjax\":\"#pjax-container\"}', '2019-03-25 11:51:37', '2019-03-25 11:51:37');
INSERT INTO `admin_operation_log` VALUES (448, 2, 'admin/config', 'GET', '127.0.0.1', '{\"_pjax\":\"#pjax-container\"}', '2019-03-25 11:51:53', '2019-03-25 11:51:53');
INSERT INTO `admin_operation_log` VALUES (449, 2, 'admin/config', 'GET', '127.0.0.1', '[]', '2019-03-25 11:52:00', '2019-03-25 11:52:00');
INSERT INTO `admin_operation_log` VALUES (450, 2, 'admin/bankcard', 'GET', '127.0.0.1', '{\"_pjax\":\"#pjax-container\"}', '2019-03-25 11:52:03', '2019-03-25 11:52:03');
INSERT INTO `admin_operation_log` VALUES (451, 2, 'admin/config', 'GET', '127.0.0.1', '[]', '2019-03-25 11:52:04', '2019-03-25 11:52:04');
INSERT INTO `admin_operation_log` VALUES (452, 2, 'admin/config', 'GET', '127.0.0.1', '[]', '2019-03-25 11:52:39', '2019-03-25 11:52:39');
INSERT INTO `admin_operation_log` VALUES (453, 2, 'admin/auth/menu', 'GET', '127.0.0.1', '{\"_pjax\":\"#pjax-container\"}', '2019-03-25 11:52:51', '2019-03-25 11:52:51');
INSERT INTO `admin_operation_log` VALUES (454, 2, 'admin/auth/menu/10/edit', 'GET', '127.0.0.1', '{\"_pjax\":\"#pjax-container\"}', '2019-03-25 11:52:58', '2019-03-25 11:52:58');
INSERT INTO `admin_operation_log` VALUES (455, 2, 'admin/auth/menu/10/edit', 'GET', '127.0.0.1', '[]', '2019-03-25 11:53:15', '2019-03-25 11:53:15');
INSERT INTO `admin_operation_log` VALUES (456, 2, 'admin/auth/menu/10', 'PUT', '127.0.0.1', '{\"parent_id\":\"0\",\"title\":\"\\u7ebf\\u4e0a\\u5145\\u503c\\u5217\\u8868\",\"icon\":\"fa-bars\",\"uri\":\"online-pay\",\"roles\":[\"1\",null],\"_token\":\"puSM3nMtEyXCe6jg2JEIQut7QTFMhMUH96GoFIMp\",\"_method\":\"PUT\"}', '2019-03-25 11:54:26', '2019-03-25 11:54:26');
INSERT INTO `admin_operation_log` VALUES (457, 2, 'admin/auth/menu', 'GET', '127.0.0.1', '[]', '2019-03-25 11:54:27', '2019-03-25 11:54:27');
INSERT INTO `admin_operation_log` VALUES (458, 2, 'admin/auth/menu', 'GET', '127.0.0.1', '[]', '2019-03-25 11:54:30', '2019-03-25 11:54:30');
INSERT INTO `admin_operation_log` VALUES (459, 2, 'admin/auth/menu', 'GET', '127.0.0.1', '[]', '2019-03-25 11:55:11', '2019-03-25 11:55:11');
INSERT INTO `admin_operation_log` VALUES (460, 2, 'admin/online-pay', 'GET', '127.0.0.1', '[]', '2019-03-25 14:09:23', '2019-03-25 14:09:23');
INSERT INTO `admin_operation_log` VALUES (461, 2, 'admin/online-pay', 'GET', '127.0.0.1', '[]', '2019-03-25 14:10:13', '2019-03-25 14:10:13');
INSERT INTO `admin_operation_log` VALUES (462, 2, 'admin/online-pay', 'GET', '127.0.0.1', '[]', '2019-03-25 14:13:40', '2019-03-25 14:13:40');
INSERT INTO `admin_operation_log` VALUES (463, 2, 'admin', 'GET', '127.0.0.1', '{\"_pjax\":\"#pjax-container\"}', '2019-03-25 14:14:31', '2019-03-25 14:14:31');
INSERT INTO `admin_operation_log` VALUES (464, 2, 'admin', 'GET', '127.0.0.1', '[]', '2019-03-25 14:47:30', '2019-03-25 14:47:30');
INSERT INTO `admin_operation_log` VALUES (465, 2, 'admin/auth/users', 'GET', '127.0.0.1', '{\"_pjax\":\"#pjax-container\"}', '2019-03-25 14:47:33', '2019-03-25 14:47:33');
INSERT INTO `admin_operation_log` VALUES (466, 2, 'admin/auth/users/1/edit', 'GET', '127.0.0.1', '{\"_pjax\":\"#pjax-container\"}', '2019-03-25 14:47:37', '2019-03-25 14:47:37');
INSERT INTO `admin_operation_log` VALUES (467, 2, 'admin/auth/users/1', 'PUT', '127.0.0.1', '{\"username\":\"admin\",\"name\":\"admin\",\"password\":\"123qwe\",\"password_confirmation\":\"123qwe\",\"roles\":[\"1\",null],\"permissions\":[null],\"_token\":\"wotxoThnxHvMajQQsnSMh0FvGIHYN3q2O3vvb3BX\",\"_method\":\"PUT\",\"_previous_\":\"http:\\/\\/www.chart.local\\/admin\\/auth\\/users\"}', '2019-03-25 14:47:48', '2019-03-25 14:47:48');
INSERT INTO `admin_operation_log` VALUES (468, 2, 'admin/auth/users', 'GET', '127.0.0.1', '[]', '2019-03-25 14:47:49', '2019-03-25 14:47:49');
INSERT INTO `admin_operation_log` VALUES (469, 2, 'admin', 'GET', '127.0.0.1', '{\"_pjax\":\"#pjax-container\"}', '2019-03-25 14:47:53', '2019-03-25 14:47:53');
INSERT INTO `admin_operation_log` VALUES (470, 2, 'admin/online-pay', 'GET', '127.0.0.1', '{\"_pjax\":\"#pjax-container\"}', '2019-03-25 14:47:59', '2019-03-25 14:47:59');
INSERT INTO `admin_operation_log` VALUES (471, 2, 'admin/online-pay', 'GET', '127.0.0.1', '{\"_pjax\":\"#pjax-container\",\"page\":\"2\"}', '2019-03-25 14:48:11', '2019-03-25 14:48:11');
INSERT INTO `admin_operation_log` VALUES (472, 2, 'admin/online-pay', 'GET', '127.0.0.1', '{\"_pjax\":\"#pjax-container\"}', '2019-03-25 14:48:21', '2019-03-25 14:48:21');
INSERT INTO `admin_operation_log` VALUES (473, 2, 'admin/config', 'GET', '127.0.0.1', '{\"_pjax\":\"#pjax-container\"}', '2019-03-25 14:48:30', '2019-03-25 14:48:30');
INSERT INTO `admin_operation_log` VALUES (474, 2, 'admin', 'GET', '127.0.0.1', '{\"_pjax\":\"#pjax-container\"}', '2019-03-25 14:48:35', '2019-03-25 14:48:35');
INSERT INTO `admin_operation_log` VALUES (475, 2, 'admin', 'GET', '127.0.0.1', '[]', '2019-03-25 15:03:26', '2019-03-25 15:03:26');
INSERT INTO `admin_operation_log` VALUES (476, 2, 'admin', 'GET', '127.0.0.1', '[]', '2019-03-25 15:06:17', '2019-03-25 15:06:17');
INSERT INTO `admin_operation_log` VALUES (477, 2, 'admin', 'GET', '127.0.0.1', '[]', '2019-03-25 15:08:30', '2019-03-25 15:08:30');
INSERT INTO `admin_operation_log` VALUES (478, 2, 'admin', 'GET', '127.0.0.1', '[]', '2019-03-25 15:09:02', '2019-03-25 15:09:02');
INSERT INTO `admin_operation_log` VALUES (479, 2, 'admin', 'GET', '127.0.0.1', '[]', '2019-03-25 15:09:41', '2019-03-25 15:09:41');
INSERT INTO `admin_operation_log` VALUES (480, 2, 'admin', 'GET', '127.0.0.1', '[]', '2019-03-25 15:09:55', '2019-03-25 15:09:55');
INSERT INTO `admin_operation_log` VALUES (481, 2, 'admin', 'GET', '127.0.0.1', '[]', '2019-03-25 15:16:34', '2019-03-25 15:16:34');
INSERT INTO `admin_operation_log` VALUES (482, 2, 'admin', 'GET', '127.0.0.1', '[]', '2019-03-25 15:17:06', '2019-03-25 15:17:06');
INSERT INTO `admin_operation_log` VALUES (483, 2, 'admin', 'GET', '127.0.0.1', '[]', '2019-03-25 15:17:31', '2019-03-25 15:17:31');
INSERT INTO `admin_operation_log` VALUES (484, 2, 'admin', 'GET', '127.0.0.1', '[]', '2019-03-25 15:18:14', '2019-03-25 15:18:14');
INSERT INTO `admin_operation_log` VALUES (485, 2, 'admin', 'GET', '127.0.0.1', '[]', '2019-03-25 15:22:26', '2019-03-25 15:22:26');
INSERT INTO `admin_operation_log` VALUES (486, 2, 'admin', 'GET', '127.0.0.1', '[]', '2019-03-25 15:23:02', '2019-03-25 15:23:02');
INSERT INTO `admin_operation_log` VALUES (487, 2, 'admin', 'GET', '127.0.0.1', '[]', '2019-03-25 15:24:33', '2019-03-25 15:24:33');
INSERT INTO `admin_operation_log` VALUES (488, 2, 'admin', 'GET', '127.0.0.1', '[]', '2019-03-25 15:30:26', '2019-03-25 15:30:26');
INSERT INTO `admin_operation_log` VALUES (489, 2, 'admin', 'GET', '127.0.0.1', '[]', '2019-03-25 15:31:08', '2019-03-25 15:31:08');
INSERT INTO `admin_operation_log` VALUES (490, 2, 'admin', 'GET', '127.0.0.1', '[]', '2019-03-25 15:34:03', '2019-03-25 15:34:03');
INSERT INTO `admin_operation_log` VALUES (491, 2, 'admin', 'GET', '127.0.0.1', '[]', '2019-03-25 15:35:43', '2019-03-25 15:35:43');
INSERT INTO `admin_operation_log` VALUES (492, 2, 'admin', 'GET', '127.0.0.1', '[]', '2019-03-25 15:36:10', '2019-03-25 15:36:10');
INSERT INTO `admin_operation_log` VALUES (493, 2, 'admin', 'GET', '127.0.0.1', '[]', '2019-03-25 15:36:46', '2019-03-25 15:36:46');
INSERT INTO `admin_operation_log` VALUES (494, 2, 'admin', 'GET', '127.0.0.1', '[]', '2019-03-25 15:37:26', '2019-03-25 15:37:26');

-- ----------------------------
-- Table structure for admin_permissions
-- ----------------------------
DROP TABLE IF EXISTS `admin_permissions`;
CREATE TABLE `admin_permissions`  (
  `id` int(10) UNSIGNED NOT NULL AUTO_INCREMENT,
  `name` varchar(50) CHARACTER SET utf8mb4 COLLATE utf8mb4_unicode_ci NOT NULL,
  `slug` varchar(50) CHARACTER SET utf8mb4 COLLATE utf8mb4_unicode_ci NOT NULL,
  `http_method` varchar(191) CHARACTER SET utf8mb4 COLLATE utf8mb4_unicode_ci NULL DEFAULT NULL,
  `http_path` text CHARACTER SET utf8mb4 COLLATE utf8mb4_unicode_ci NULL,
  `created_at` timestamp(0) NULL DEFAULT NULL,
  `updated_at` timestamp(0) NULL DEFAULT NULL,
  PRIMARY KEY (`id`) USING BTREE,
  UNIQUE INDEX `admin_permissions_name_unique`(`name`) USING BTREE
) ENGINE = InnoDB AUTO_INCREMENT = 8 CHARACTER SET = utf8mb4 COLLATE = utf8mb4_unicode_ci ROW_FORMAT = Dynamic;

-- ----------------------------
-- Records of admin_permissions
-- ----------------------------
INSERT INTO `admin_permissions` VALUES (1, 'All permission', '*', '', '*', NULL, NULL);
INSERT INTO `admin_permissions` VALUES (2, 'Dashboard', 'dashboard', 'GET', '/', NULL, NULL);
INSERT INTO `admin_permissions` VALUES (3, 'Login', 'auth.login', '', '/auth/login\r\n/auth/logout', NULL, NULL);
INSERT INTO `admin_permissions` VALUES (4, 'User setting', 'auth.setting', 'GET,PUT', '/auth/setting', NULL, NULL);
INSERT INTO `admin_permissions` VALUES (5, 'Auth management', 'auth.management', '', '/auth/roles\r\n/auth/permissions\r\n/auth/menu\r\n/auth/logs', NULL, NULL);
INSERT INTO `admin_permissions` VALUES (6, 'Admin Config', 'ext.config', NULL, '/config*', '2019-01-25 13:24:38', '2019-01-25 13:24:38');
INSERT INTO `admin_permissions` VALUES (7, 'admin.sms', 'admin.sms', '', 'admin/sms', '2019-02-08 16:05:01', '2019-02-08 16:05:01');

-- ----------------------------
-- Table structure for admin_role_menu
-- ----------------------------
DROP TABLE IF EXISTS `admin_role_menu`;
CREATE TABLE `admin_role_menu`  (
  `role_id` int(11) NOT NULL,
  `menu_id` int(11) NOT NULL,
  `created_at` timestamp(0) NULL DEFAULT NULL,
  `updated_at` timestamp(0) NULL DEFAULT NULL,
  INDEX `admin_role_menu_role_id_menu_id_index`(`role_id`, `menu_id`) USING BTREE
) ENGINE = InnoDB CHARACTER SET = utf8mb4 COLLATE = utf8mb4_unicode_ci ROW_FORMAT = Dynamic;

-- ----------------------------
-- Records of admin_role_menu
-- ----------------------------
INSERT INTO `admin_role_menu` VALUES (1, 2, NULL, NULL);
INSERT INTO `admin_role_menu` VALUES (1, 10, NULL, NULL);

-- ----------------------------
-- Table structure for admin_role_permissions
-- ----------------------------
DROP TABLE IF EXISTS `admin_role_permissions`;
CREATE TABLE `admin_role_permissions`  (
  `role_id` int(11) NOT NULL,
  `permission_id` int(11) NOT NULL,
  `created_at` timestamp(0) NULL DEFAULT NULL,
  `updated_at` timestamp(0) NULL DEFAULT NULL,
  INDEX `admin_role_permissions_role_id_permission_id_index`(`role_id`, `permission_id`) USING BTREE
) ENGINE = InnoDB CHARACTER SET = utf8mb4 COLLATE = utf8mb4_unicode_ci ROW_FORMAT = Dynamic;

-- ----------------------------
-- Records of admin_role_permissions
-- ----------------------------
INSERT INTO `admin_role_permissions` VALUES (1, 1, NULL, NULL);

-- ----------------------------
-- Table structure for admin_role_users
-- ----------------------------
DROP TABLE IF EXISTS `admin_role_users`;
CREATE TABLE `admin_role_users`  (
  `role_id` int(11) NOT NULL,
  `user_id` int(11) NOT NULL,
  `created_at` timestamp(0) NULL DEFAULT NULL,
  `updated_at` timestamp(0) NULL DEFAULT NULL,
  INDEX `admin_role_users_role_id_user_id_index`(`role_id`, `user_id`) USING BTREE
) ENGINE = InnoDB CHARACTER SET = utf8mb4 COLLATE = utf8mb4_unicode_ci ROW_FORMAT = Dynamic;

-- ----------------------------
-- Records of admin_role_users
-- ----------------------------
INSERT INTO `admin_role_users` VALUES (1, 1, NULL, NULL);
INSERT INTO `admin_role_users` VALUES (1, 2, NULL, NULL);

-- ----------------------------
-- Table structure for admin_roles
-- ----------------------------
DROP TABLE IF EXISTS `admin_roles`;
CREATE TABLE `admin_roles`  (
  `id` int(10) UNSIGNED NOT NULL AUTO_INCREMENT,
  `name` varchar(50) CHARACTER SET utf8mb4 COLLATE utf8mb4_unicode_ci NOT NULL,
  `slug` varchar(50) CHARACTER SET utf8mb4 COLLATE utf8mb4_unicode_ci NOT NULL,
  `created_at` timestamp(0) NULL DEFAULT NULL,
  `updated_at` timestamp(0) NULL DEFAULT NULL,
  PRIMARY KEY (`id`) USING BTREE,
  UNIQUE INDEX `admin_roles_name_unique`(`name`) USING BTREE
) ENGINE = InnoDB AUTO_INCREMENT = 2 CHARACTER SET = utf8mb4 COLLATE = utf8mb4_unicode_ci ROW_FORMAT = Dynamic;

-- ----------------------------
-- Records of admin_roles
-- ----------------------------
INSERT INTO `admin_roles` VALUES (1, 'Administrator', 'administrator', '2019-01-22 13:17:05', '2019-01-22 13:17:05');

-- ----------------------------
-- Table structure for admin_user_permissions
-- ----------------------------
DROP TABLE IF EXISTS `admin_user_permissions`;
CREATE TABLE `admin_user_permissions`  (
  `user_id` int(11) NOT NULL,
  `permission_id` int(11) NOT NULL,
  `created_at` timestamp(0) NULL DEFAULT NULL,
  `updated_at` timestamp(0) NULL DEFAULT NULL,
  INDEX `admin_user_permissions_user_id_permission_id_index`(`user_id`, `permission_id`) USING BTREE
) ENGINE = InnoDB CHARACTER SET = utf8mb4 COLLATE = utf8mb4_unicode_ci ROW_FORMAT = Dynamic;

-- ----------------------------
-- Table structure for admin_users
-- ----------------------------
DROP TABLE IF EXISTS `admin_users`;
CREATE TABLE `admin_users`  (
  `id` int(10) UNSIGNED NOT NULL AUTO_INCREMENT,
  `username` varchar(190) CHARACTER SET utf8mb4 COLLATE utf8mb4_unicode_ci NOT NULL,
  `password` varchar(60) CHARACTER SET utf8mb4 COLLATE utf8mb4_unicode_ci NOT NULL,
  `name` varchar(191) CHARACTER SET utf8mb4 COLLATE utf8mb4_unicode_ci NOT NULL,
  `avatar` varchar(191) CHARACTER SET utf8mb4 COLLATE utf8mb4_unicode_ci NULL DEFAULT NULL,
  `remember_token` varchar(100) CHARACTER SET utf8mb4 COLLATE utf8mb4_unicode_ci NULL DEFAULT NULL,
  `created_at` timestamp(0) NULL DEFAULT NULL,
  `updated_at` timestamp(0) NULL DEFAULT NULL,
  PRIMARY KEY (`id`) USING BTREE,
  UNIQUE INDEX `admin_users_username_unique`(`username`) USING BTREE
) ENGINE = InnoDB AUTO_INCREMENT = 3 CHARACTER SET = utf8mb4 COLLATE = utf8mb4_unicode_ci ROW_FORMAT = Dynamic;

-- ----------------------------
-- Records of admin_users
-- ----------------------------
INSERT INTO `admin_users` VALUES (1, 'admin', '$2y$10$eEs11NxTFOBF/Z/vtuV.jO3UgoW6MG6K73qcndUc9O21.Xv1gtgGy', 'admin', NULL, 'WrxzpsbUrAq68E6OsO2icRCP9GMuS8FiQB83LFb4YSgJqCDPwYmtITF5bfSG', '2019-01-22 22:49:16', '2019-03-25 14:47:48');
INSERT INTO `admin_users` VALUES (2, 'superme', '$2y$10$BX.eSnde1pRjerlAZxiNguZET6jizVo7yb6Jrp9k4iExN.F7X3BTK', 'superme', NULL, 'qKX1OWRII1rctP6wzAMmVLGMvHo7d3klOrdcfmzyvASuv1CqtpVrp9YV9rKh', '2019-01-24 09:53:33', '2019-01-24 09:53:33');

-- ----------------------------
-- Table structure for bbin_pay_onlines
-- ----------------------------
DROP TABLE IF EXISTS `bbin_pay_onlines`;
CREATE TABLE `bbin_pay_onlines`  (
  `id` int(8) UNSIGNED NOT NULL AUTO_INCREMENT,
  `order_no` varchar(30) CHARACTER SET utf8mb4 COLLATE utf8mb4_unicode_ci NOT NULL COMMENT '订单号',
  `account` varchar(30) CHARACTER SET utf8mb4 COLLATE utf8mb4_unicode_ci NOT NULL COMMENT '会员账号',
  `currency` varchar(10) CHARACTER SET utf8mb4 COLLATE utf8mb4_unicode_ci NOT NULL COMMENT '币别',
  `level` varchar(30) CHARACTER SET utf8mb4 COLLATE utf8mb4_unicode_ci NOT NULL COMMENT '会员支付层级',
  `time` datetime(0) NOT NULL COMMENT '时间',
  `pay_way` varchar(30) CHARACTER SET utf8mb4 COLLATE utf8mb4_unicode_ci NOT NULL COMMENT '支付方式',
  `amount` decimal(8, 2) NULL DEFAULT NULL COMMENT '收入金额',
  `real_amount` decimal(8, 2) NULL DEFAULT NULL COMMENT '实际存款金额',
  `status` tinyint(1) NULL DEFAULT NULL COMMENT '支付状态 0:未处理,1:成功',
  `platform` varchar(30) CHARACTER SET utf8mb4 COLLATE utf8mb4_unicode_ci NULL DEFAULT NULL COMMENT '支付平台',
  `remark` varchar(50) CHARACTER SET utf8mb4 COLLATE utf8mb4_unicode_ci NULL DEFAULT NULL COMMENT '金流',
  `created_at` datetime(0) NULL DEFAULT NULL,
  `updated_at` datetime(0) NULL DEFAULT NULL,
  PRIMARY KEY (`id`) USING BTREE,
  UNIQUE INDEX `order_no`(`order_no`) USING BTREE,
  INDEX `status`(`status`) USING BTREE
) ENGINE = InnoDB AUTO_INCREMENT = 131 CHARACTER SET = utf8mb4 COLLATE = utf8mb4_unicode_ci ROW_FORMAT = Dynamic;

-- ----------------------------
-- Records of bbin_pay_onlines
-- ----------------------------
INSERT INTO `bbin_pay_onlines` VALUES (1, '201903231361650028', 'quhuan0228', '人民币', 'D1层级', '2019-03-23 00:00:00', '手机支付', 20.00, 20.00, 1, '个付', '个付 (个付（9333）)', '2019-03-23 17:43:24', '2019-03-23 17:43:24');
INSERT INTO `bbin_pay_onlines` VALUES (2, '201903231361650192', '18993344336', '人民币', 'C1层级', '2019-03-23 00:00:13', '二维支付', 5000.00, 5000.00, 0, '迅捷付', '迅捷付 (迅捷（5568）)', '2019-03-23 17:43:24', '2019-03-23 17:43:24');
INSERT INTO `bbin_pay_onlines` VALUES (3, '201903231361650300', 'z1579014687', '人民币', '单笔499以下', '2019-03-23 00:00:22', '二维支付', 500.00, 500.00, 0, '畅支付', '畅支付 (畅支付（tbzd）)', '2019-03-23 17:43:24', '2019-03-23 17:43:24');
INSERT INTO `bbin_pay_onlines` VALUES (4, '201903231361650730', '18993344336', '人民币', 'C1层级', '2019-03-23 00:00:56', '二维支付', 5000.00, 5000.00, 1, '迅捷付', '迅捷付 (迅捷（5568）)', '2019-03-23 17:43:24', '2019-03-23 17:43:24');
INSERT INTO `bbin_pay_onlines` VALUES (5, '201903231361650884', 'zsk12345678', '人民币', '单笔499以下', '2019-03-23 00:01:07', '手机支付', 100.00, 100.00, 1, '个付', '个付 (个付（9333）)', '2019-03-23 17:43:24', '2019-03-23 17:43:24');
INSERT INTO `bbin_pay_onlines` VALUES (6, '201903231361651024', 'q1432125899', '人民币', '单笔499以下', '2019-03-23 00:01:18', '二维支付', 100.00, 100.00, 1, '迅捷付', '迅捷付 (迅捷（5568）)', '2019-03-23 17:43:24', '2019-03-23 17:43:24');
INSERT INTO `bbin_pay_onlines` VALUES (7, '201903231361651149', 'johnny3000', '人民币', '单笔5000', '2019-03-23 00:01:27', '二维支付', 1000.00, 1000.00, 1, '畅支付', '畅支付 (畅支付（tbzd）)', '2019-03-23 17:43:24', '2019-03-23 17:43:24');
INSERT INTO `bbin_pay_onlines` VALUES (8, '201903231361651236', 'hj9618', '人民币', '一个月没存款', '2019-03-23 00:01:33', '二维支付', 150.00, 150.00, 1, '迅捷付', '迅捷付 (迅捷（5568）)', '2019-03-23 17:43:24', '2019-03-23 17:43:24');
INSERT INTO `bbin_pay_onlines` VALUES (9, '201903231361651843', 'jj94110', '人民币', '单笔500', '2019-03-23 00:02:17', '二维支付', 100.00, 100.00, 1, '迅捷付', '迅捷付 (迅捷（5568）)', '2019-03-23 17:43:24', '2019-03-23 17:43:24');
INSERT INTO `bbin_pay_onlines` VALUES (10, '201903231361652114', 'hq0124', '人民币', 'B◆单笔1000', '2019-03-23 00:02:37', '手机支付', 50.00, 50.00, 0, '个付', '个付 (个付（9333）)', '2019-03-23 17:43:25', '2019-03-23 17:43:25');
INSERT INTO `bbin_pay_onlines` VALUES (11, '201903231361652344', 'wentianruei1', '人民币', 'D1层级', '2019-03-23 00:02:54', '二维支付', 300.00, 300.00, 0, '畅支付', '畅支付 (畅支付（tbzd）)', '2019-03-23 17:43:25', '2019-03-23 17:43:25');
INSERT INTO `bbin_pay_onlines` VALUES (12, '201903231361652687', '963852q', '人民币', '单笔1000', '2019-03-23 00:03:21', '二维支付', 1000.00, 1000.00, 1, '迅捷付', '迅捷付 (迅捷（5568）)', '2019-03-23 17:43:25', '2019-03-23 17:43:25');
INSERT INTO `bbin_pay_onlines` VALUES (13, '201903231361653110', 'hq0124', '人民币', 'B◆单笔1000', '2019-03-23 00:03:55', '手机支付', 50.00, 50.00, 0, '个付', '个付 (个付（9333）)', '2019-03-23 17:43:25', '2019-03-23 17:43:25');
INSERT INTO `bbin_pay_onlines` VALUES (14, '201903231361653313', 'w360347007', '人民币', '单笔499以下', '2019-03-23 00:04:08', '手机支付', 30.00, 30.00, 1, '个付', '个付 (个付（9333）)', '2019-03-23 17:43:25', '2019-03-23 17:43:25');
INSERT INTO `bbin_pay_onlines` VALUES (15, '201903231361653365', 'wo781099016', '人民币', 'B◆单笔500', '2019-03-23 00:04:12', '手机支付', 30.00, 30.00, 1, '个付', '个付 (个付（9333）)', '2019-03-23 17:43:25', '2019-03-23 17:43:25');
INSERT INTO `bbin_pay_onlines` VALUES (16, '201903231361653614', 'gzy8828', '人民币', 'B◆单笔1000', '2019-03-23 00:04:30', '二维支付', 500.00, 500.00, 1, '畅支付', '畅支付 (畅支付（tbzd）)', '2019-03-23 17:43:25', '2019-03-23 17:43:25');
INSERT INTO `bbin_pay_onlines` VALUES (17, '201903231361653647', 'cqz88999', '人民币', 'C1层级', '2019-03-23 00:04:33', '二维支付', 400.00, 400.00, 1, '迅捷付', '迅捷付 (迅捷（5568）)', '2019-03-23 17:43:25', '2019-03-23 17:43:25');
INSERT INTO `bbin_pay_onlines` VALUES (18, '201903231361653722', '1148487080', '人民币', '单笔499以下', '2019-03-23 00:04:38', '手机支付', 88.00, 88.00, 1, '个付', '个付 (个付（9333）)', '2019-03-23 17:43:25', '2019-03-23 17:43:25');
INSERT INTO `bbin_pay_onlines` VALUES (19, '201903231361653738', 'yy1387852698', '人民币', 'B◆单笔499以下', '2019-03-23 00:04:39', '二维支付', 30.00, 30.00, 1, '百盛支付', '百盛支付 (百盛支付（Tony）)', '2019-03-23 17:43:25', '2019-03-23 17:43:25');
INSERT INTO `bbin_pay_onlines` VALUES (20, '201903231361653854', 'z13895042472', '人民币', '无返水无优惠', '2019-03-23 00:04:46', '二维支付', 200.00, 200.00, 0, '迅捷付', '迅捷付 (迅捷（5568）)', '2019-03-23 17:43:26', '2019-03-23 17:43:26');
INSERT INTO `bbin_pay_onlines` VALUES (21, '201903231361653991', 'wentianruei1', '人民币', 'D1层级', '2019-03-23 00:04:56', '二维支付', 300.00, 300.00, 1, '畅支付', '畅支付 (畅支付（tbzd）)', '2019-03-23 17:43:26', '2019-03-23 17:43:26');
INSERT INTO `bbin_pay_onlines` VALUES (22, '201903231361654072', 'z13895042472', '人民币', '无返水无优惠', '2019-03-23 00:05:02', '二维支付', 200.00, 200.00, 1, '迅捷付', '迅捷付 (迅捷（5568）)', '2019-03-23 17:43:26', '2019-03-23 17:43:26');
INSERT INTO `bbin_pay_onlines` VALUES (23, '201903231361654180', 'z1184942363', '人民币', '单笔1万', '2019-03-23 00:05:09', '二维支付', 170.00, 170.00, 1, '迅捷付', '迅捷付 (迅捷（5568）)', '2019-03-23 17:43:26', '2019-03-23 17:43:26');
INSERT INTO `bbin_pay_onlines` VALUES (24, '201903231361654217', 'mqj2019', '人民币', 'D1层级', '2019-03-23 00:05:12', '二维支付', 100.00, 100.00, 1, '迅捷付', '迅捷付 (迅捷（5568）)', '2019-03-23 17:43:26', '2019-03-23 17:43:26');
INSERT INTO `bbin_pay_onlines` VALUES (25, '201903231361654345', '1428284200', '人民币', '单笔1万', '2019-03-23 00:05:20', '手机支付', 3000.00, 3000.00, 1, '星航支付', '星航支付 (星航支付（204）)', '2019-03-23 17:43:26', '2019-03-23 17:43:26');
INSERT INTO `bbin_pay_onlines` VALUES (26, '201903231361654360', '13630203863a', '人民币', 'D1层级', '2019-03-23 00:05:21', '二维支付', 500.00, 500.00, 1, '迅捷付', '迅捷付 (迅捷（5568）)', '2019-03-23 17:43:26', '2019-03-23 17:43:26');
INSERT INTO `bbin_pay_onlines` VALUES (27, '201903231361654506', 'hm199864', '人民币', 'B◆单笔1000', '2019-03-23 00:05:32', '手机支付', 500.00, 500.00, 1, '个付', '个付 (个付（9333）)', '2019-03-23 17:43:26', '2019-03-23 17:43:26');
INSERT INTO `bbin_pay_onlines` VALUES (28, '201903231361654580', 'jj94110', '人民币', '单笔500', '2019-03-23 00:05:37', '二维支付', 100.00, 100.00, 1, '迅捷付', '迅捷付 (迅捷（5568）)', '2019-03-23 17:43:27', '2019-03-23 17:43:27');
INSERT INTO `bbin_pay_onlines` VALUES (29, '201903231361655640', '15658827719', '人民币', 'B◆单笔5000', '2019-03-23 00:06:55', '二维支付', 1000.00, 1000.00, 0, '畅支付', '畅支付 (畅支付（tbzd）)', '2019-03-23 17:43:27', '2019-03-23 17:43:27');
INSERT INTO `bbin_pay_onlines` VALUES (30, '201903231361656228', 'qq779826419', '人民币', '未分層', '2019-03-23 00:07:39', '二维支付', 300.00, 300.00, 1, '个付', '个付 (个付（9333）)', '2019-03-23 17:43:27', '2019-03-23 17:43:27');
INSERT INTO `bbin_pay_onlines` VALUES (31, '201903231361656482', 'jj94110', '人民币', '单笔500', '2019-03-23 00:07:57', '二维支付', 100.00, 100.00, 1, '迅捷付', '迅捷付 (迅捷（5568）)', '2019-03-23 17:43:27', '2019-03-23 17:43:27');
INSERT INTO `bbin_pay_onlines` VALUES (32, '201903231361656791', 'a15167651036', '人民币', 'B◆单笔1000', '2019-03-23 00:08:19', '二维支付', 301.00, 301.00, 0, '百盛支付', '百盛支付 (百盛支付（Tony）)', '2019-03-23 17:43:27', '2019-03-23 17:43:27');
INSERT INTO `bbin_pay_onlines` VALUES (33, '201903231361656807', '15658827719', '人民币', 'B◆单笔5000', '2019-03-23 00:08:20', '二维支付', 1800.00, 1800.00, 1, '迅捷付', '迅捷付 (迅捷（5568）)', '2019-03-23 17:43:27', '2019-03-23 17:43:27');
INSERT INTO `bbin_pay_onlines` VALUES (34, '201903231361656892', 'zxl123456789', '人民币', '单笔1000', '2019-03-23 00:08:25', '手机支付', 60.00, 60.00, 1, '个付', '个付 (个付（9333）)', '2019-03-23 17:43:27', '2019-03-23 17:43:27');
INSERT INTO `bbin_pay_onlines` VALUES (35, '201903231361657004', 'yun1998', '人民币', '单笔500', '2019-03-23 00:08:34', '二维支付', 100.00, 100.00, 1, '迅捷付', '迅捷付 (迅捷（5568）)', '2019-03-23 17:43:27', '2019-03-23 17:43:27');
INSERT INTO `bbin_pay_onlines` VALUES (36, '201903231361657603', '19861215123', '人民币', '无返水无优惠', '2019-03-23 00:09:18', '手机支付', 10000.00, 10000.00, 0, '个付', '个付 (个付（9333）)', '2019-03-23 17:43:27', '2019-03-23 17:43:27');
INSERT INTO `bbin_pay_onlines` VALUES (37, '201903231361657619', 'yang999', '人民币', '一个月没存款', '2019-03-23 00:09:18', '手机支付', 50.00, 50.00, 0, '个付', '个付 (个付（9333）)', '2019-03-23 17:43:27', '2019-03-23 17:43:27');
INSERT INTO `bbin_pay_onlines` VALUES (38, '201903231361657896', 'cf1314521', '人民币', 'B◆单笔1000', '2019-03-23 00:09:42', '二维支付', 200.00, 200.00, 1, '迅捷付', '迅捷付 (迅捷（5568）)', '2019-03-23 17:43:28', '2019-03-23 17:43:28');
INSERT INTO `bbin_pay_onlines` VALUES (39, '201903231361658015', '447131173', '人民币', 'B◆单笔1000', '2019-03-23 00:09:50', '二维支付', 200.00, 200.00, 1, '迅捷付', '迅捷付 (迅捷（5568）)', '2019-03-23 17:43:28', '2019-03-23 17:43:28');
INSERT INTO `bbin_pay_onlines` VALUES (40, '201903231361658054', '15171961662', '人民币', 'B◆单笔499以下', '2019-03-23 00:09:53', '手机支付', 30.00, 30.00, 0, '个付', '个付 (个付（9333）)', '2019-03-23 17:49:07', '2019-03-23 17:49:07');
INSERT INTO `bbin_pay_onlines` VALUES (41, '201903231361658098', 'yanhao11', '人民币', '单笔500', '2019-03-23 00:09:57', '二维支付', 200.00, 200.00, 1, '迅捷付', '迅捷付 (迅捷（5568）)', '2019-03-23 17:49:07', '2019-03-23 17:49:07');
INSERT INTO `bbin_pay_onlines` VALUES (42, '201903231361658177', 'jnx77777', '人民币', 'D1层级', '2019-03-23 00:10:02', '二维支付', 120.00, 120.00, 1, '迅捷付', '迅捷付 (迅捷（5568）)', '2019-03-23 17:49:07', '2019-03-23 17:49:07');
INSERT INTO `bbin_pay_onlines` VALUES (43, '201903231361658240', '18570603493', '人民币', 'B◆未分层', '2019-03-23 00:10:07', '二维支付', 50.00, 50.00, 1, '个付', '个付 (个付（9333）)', '2019-03-23 17:49:07', '2019-03-23 17:49:07');
INSERT INTO `bbin_pay_onlines` VALUES (44, '201903231361658307', 'xwm7333', '人民币', 'B◆单笔1000', '2019-03-23 00:10:11', '二维支付', 300.00, 300.00, 0, '迅捷付', '迅捷付 (迅捷（5568）)', '2019-03-23 17:49:07', '2019-03-23 17:49:07');
INSERT INTO `bbin_pay_onlines` VALUES (45, '201903231361658371', '15171961662', '人民币', 'B◆单笔499以下', '2019-03-23 00:10:15', '手机支付', 50.00, 50.00, 0, '个付', '个付 (个付（9333）)', '2019-03-23 17:49:07', '2019-03-23 17:49:07');
INSERT INTO `bbin_pay_onlines` VALUES (46, '201903231361658573', 'jj94110', '人民币', '单笔500', '2019-03-23 00:10:29', '二维支付', 100.00, 100.00, 1, '迅捷付', '迅捷付 (迅捷（5568）)', '2019-03-23 17:49:07', '2019-03-23 17:49:07');
INSERT INTO `bbin_pay_onlines` VALUES (47, '201903231361658668', '123456123', '人民币', 'B◆单笔499以下', '2019-03-23 00:10:35', '手机支付', 100.00, 100.00, 1, '个付', '个付 (个付（9333）)', '2019-03-23 17:49:07', '2019-03-23 17:49:07');
INSERT INTO `bbin_pay_onlines` VALUES (48, '201903231361658880', '15171961662', '人民币', 'B◆单笔499以下', '2019-03-23 00:10:51', '手机支付', 50.00, 50.00, 0, '个付', '个付 (个付（9333）)', '2019-03-23 17:49:08', '2019-03-23 17:49:08');
INSERT INTO `bbin_pay_onlines` VALUES (49, '201903231361658907', 'xwm7333', '人民币', 'B◆单笔1000', '2019-03-23 00:10:53', '二维支付', 300.00, 300.00, 0, '畅支付', '畅支付 (畅支付（tbzd）)', '2019-03-23 17:49:08', '2019-03-23 17:49:08');
INSERT INTO `bbin_pay_onlines` VALUES (50, '201903231361658982', 'wangjc0616', '人民币', 'B◆单笔5000', '2019-03-23 00:10:59', '二维支付', 100.00, 100.00, 0, '迅捷付', '迅捷付 (迅捷（5568）)', '2019-03-23 17:49:08', '2019-03-23 17:49:08');
INSERT INTO `bbin_pay_onlines` VALUES (51, '201903231361659089', 'mzq8888', '人民币', '单笔1000', '2019-03-23 00:11:07', '手机支付', 50.00, 50.00, 1, '个付', '个付 (个付（9333）)', '2019-03-23 17:49:08', '2019-03-23 17:49:08');
INSERT INTO `bbin_pay_onlines` VALUES (52, '201903231361659171', 'lcl1991', '人民币', 'B◆单笔1000', '2019-03-23 00:11:13', '手机支付', 1500.00, 1500.00, 1, '个付', '个付 (个付（9333）)', '2019-03-23 17:49:08', '2019-03-23 17:49:08');
INSERT INTO `bbin_pay_onlines` VALUES (53, '201903231361659316', 'chris888', '人民币', '测试层级', '2019-03-23 00:11:25', '二维支付', 500.00, 500.00, 0, '畅支付', '畅支付 (畅支付（tbzd）)', '2019-03-23 17:49:08', '2019-03-23 17:49:08');
INSERT INTO `bbin_pay_onlines` VALUES (54, '201903231361659322', 'peng57356105', '人民币', 'C1层级', '2019-03-23 00:11:25', '二维支付', 100.00, 100.00, 0, '迅捷付', '迅捷付 (迅捷（5568）)', '2019-03-23 17:49:08', '2019-03-23 17:49:08');
INSERT INTO `bbin_pay_onlines` VALUES (55, '201903231361659388', '15171961662', '人民币', 'B◆单笔499以下', '2019-03-23 00:11:30', '手机支付', 50.00, 50.00, 0, '个付', '个付 (个付（9333）)', '2019-03-23 17:49:08', '2019-03-23 17:49:08');
INSERT INTO `bbin_pay_onlines` VALUES (56, '201903231361659752', 'yang152356', '人民币', 'B◆单笔5000', '2019-03-23 00:11:57', '二维支付', 200.00, 200.00, 1, '迅捷付', '迅捷付 (迅捷（5568）)', '2019-03-23 17:49:08', '2019-03-23 17:49:08');
INSERT INTO `bbin_pay_onlines` VALUES (57, '201903231361659964', '514431599', '人民币', 'B◆单笔5000', '2019-03-23 00:12:13', '二维支付', 5000.00, 5000.00, 1, '迅捷付', '迅捷付 (迅捷（5568）)', '2019-03-23 17:49:08', '2019-03-23 17:49:08');
INSERT INTO `bbin_pay_onlines` VALUES (58, '201903231361659981', 'peng57356105', '人民币', 'C1层级', '2019-03-23 00:12:14', '手机支付', 100.00, 100.00, 1, '个付', '个付 (个付（9333）)', '2019-03-23 17:49:09', '2019-03-23 17:49:09');
INSERT INTO `bbin_pay_onlines` VALUES (59, '201903231361660037', 'hj9618', '人民币', '一个月没存款', '2019-03-23 00:12:17', '二维支付', 54.00, 54.00, 0, '百盛支付', '百盛支付 (百盛支付（Tony）)', '2019-03-23 17:49:09', '2019-03-23 17:49:09');
INSERT INTO `bbin_pay_onlines` VALUES (60, '201903231361661001', '15171961662', '人民币', 'B◆单笔499以下', '2019-03-23 00:13:34', '手机支付', 50.00, 50.00, 0, '个付', '个付 (个付（9333）)', '2019-03-23 17:49:09', '2019-03-23 17:49:09');
INSERT INTO `bbin_pay_onlines` VALUES (61, '201903231361661195', 'w7939', '人民币', 'B◆单笔500', '2019-03-23 00:13:50', '二维支付', 100.00, 100.00, 1, '迅捷付', '迅捷付 (迅捷（5568）)', '2019-03-23 17:49:09', '2019-03-23 17:49:09');
INSERT INTO `bbin_pay_onlines` VALUES (62, '201903231361661225', 'hybx1986', '人民币', '单笔5000', '2019-03-23 00:13:52', '二维支付', 350.00, 350.00, 0, '畅支付', '畅支付 (畅支付（tbzd）)', '2019-03-23 17:49:09', '2019-03-23 17:49:09');
INSERT INTO `bbin_pay_onlines` VALUES (63, '201903231361661342', 'wangjc0616', '人民币', 'B◆单笔5000', '2019-03-23 00:14:00', '二维支付', 100.00, 100.00, 0, '迅捷付', '迅捷付 (迅捷（5568）)', '2019-03-23 17:49:09', '2019-03-23 17:49:09');
INSERT INTO `bbin_pay_onlines` VALUES (64, '201903231361661385', '15171961662', '人民币', 'B◆单笔499以下', '2019-03-23 00:14:04', '手机支付', 50.00, 50.00, 0, '个付', '个付 (个付（9333）)', '2019-03-23 17:49:09', '2019-03-23 17:49:09');
INSERT INTO `bbin_pay_onlines` VALUES (65, '201903231361661679', 'xwm7333', '人民币', 'B◆单笔1000', '2019-03-23 00:14:26', '二维支付', 300.00, 300.00, 1, '畅支付', '畅支付 (畅支付（tbzd）)', '2019-03-23 17:49:09', '2019-03-23 17:49:09');
INSERT INTO `bbin_pay_onlines` VALUES (66, '201903231361661828', '15171961662', '人民币', 'B◆单笔499以下', '2019-03-23 00:14:36', '手机支付', 50.00, 50.00, 0, '个付', '个付 (个付（9333）)', '2019-03-23 17:49:09', '2019-03-23 17:49:09');
INSERT INTO `bbin_pay_onlines` VALUES (67, '201903231361662039', 'lijinlong', '人民币', 'D2层级', '2019-03-23 00:14:50', '二维支付', 1300.00, 1300.00, 1, '迅捷付', '迅捷付 (迅捷（5568）)', '2019-03-23 17:49:09', '2019-03-23 17:49:09');
INSERT INTO `bbin_pay_onlines` VALUES (68, '201903231361662260', 'hybx1986', '人民币', '单笔5000', '2019-03-23 00:15:08', '二维支付', 350.00, 350.00, 1, '迅捷付', '迅捷付 (迅捷（5568）)', '2019-03-23 17:49:10', '2019-03-23 17:49:10');
INSERT INTO `bbin_pay_onlines` VALUES (69, '201903231361662338', 'wentianruei1', '人民币', 'D1层级', '2019-03-23 00:15:13', '二维支付', 300.00, 300.00, 0, '畅支付', '畅支付 (畅支付（tbzd）)', '2019-03-23 17:49:10', '2019-03-23 17:49:10');
INSERT INTO `bbin_pay_onlines` VALUES (70, '201903231361662453', 'mqj2019', '人民币', 'D1层级', '2019-03-23 00:15:23', '二维支付', 100.00, 100.00, 1, '迅捷付', '迅捷付 (迅捷（5568）)', '2019-03-23 17:49:10', '2019-03-23 17:49:10');
INSERT INTO `bbin_pay_onlines` VALUES (71, '201903231361662499', 'hiphop', '人民币', '未分層', '2019-03-23 00:15:26', '二维支付', 20.00, 20.00, 1, '个付', '个付 (个付（9333）)', '2019-03-23 17:49:10', '2019-03-23 17:49:10');
INSERT INTO `bbin_pay_onlines` VALUES (72, '201903231361662654', 'ce9999', '人民币', '无返水无优惠', '2019-03-23 00:15:37', '二维支付', 800.00, 800.00, 0, '迅捷付', '迅捷付 (迅捷（5568）)', '2019-03-23 17:49:10', '2019-03-23 17:49:10');
INSERT INTO `bbin_pay_onlines` VALUES (73, '201903231361663091', 'ce9999', '人民币', '无返水无优惠', '2019-03-23 00:16:11', '二维支付', 700.00, 700.00, 1, '迅捷付', '迅捷付 (迅捷（5568）)', '2019-03-23 17:49:10', '2019-03-23 17:49:10');
INSERT INTO `bbin_pay_onlines` VALUES (74, '201903231361663154', 'wentianruei1', '人民币', 'D1层级', '2019-03-23 00:16:16', '二维支付', 300.00, 300.00, 1, '畅支付', '畅支付 (畅支付（tbzd）)', '2019-03-23 17:49:10', '2019-03-23 17:49:10');
INSERT INTO `bbin_pay_onlines` VALUES (75, '201903231361663568', 'wj199063', '人民币', '单笔1万', '2019-03-23 00:16:47', '二维支付', 1000.00, 1000.00, 0, '畅支付', '畅支付 (畅支付（tbzd）)', '2019-03-23 17:49:10', '2019-03-23 17:49:10');
INSERT INTO `bbin_pay_onlines` VALUES (76, '201903231361663649', 'zhangyan6680', '人民币', '单笔1000', '2019-03-23 00:16:53', '二维支付', 200.00, 200.00, 1, '迅捷付', '迅捷付 (迅捷（5568）)', '2019-03-23 17:49:10', '2019-03-23 17:49:10');
INSERT INTO `bbin_pay_onlines` VALUES (77, '201903231361664003', 'zxl123456789', '人民币', '单笔1000', '2019-03-23 00:17:17', '手机支付', 10.00, 10.00, 0, '个付', '个付 (个付（9333）)', '2019-03-23 17:49:10', '2019-03-23 17:49:10');
INSERT INTO `bbin_pay_onlines` VALUES (78, '201903231361664285', '1101716495', '人民币', 'D1层级', '2019-03-23 00:17:38', '手机支付', 200.00, 200.00, 0, '个付', '个付 (个付（9333）)', '2019-03-23 17:49:11', '2019-03-23 17:49:11');
INSERT INTO `bbin_pay_onlines` VALUES (79, '201903231361664475', 'shechengf101', '人民币', '单笔499以下', '2019-03-23 00:17:52', '二维支付', 200.00, 200.00, 1, '迅捷付', '迅捷付 (迅捷（5568）)', '2019-03-23 17:49:11', '2019-03-23 17:49:11');
INSERT INTO `bbin_pay_onlines` VALUES (80, '201903231361664681', '139598112611', '人民币', '一星会员', '2019-03-23 00:18:07', '二维支付', 180.00, 180.00, 1, '迅捷付', '迅捷付 (迅捷（5568）)', '2019-03-23 17:49:11', '2019-03-23 17:49:11');
INSERT INTO `bbin_pay_onlines` VALUES (81, '201903231361665199', 'x215521', '人民币', '无返水无优惠', '2019-03-23 00:18:44', '二维支付', 100.00, 100.00, 0, '迅捷付', '迅捷付 (迅捷（5568）)', '2019-03-23 17:49:54', '2019-03-23 17:49:54');
INSERT INTO `bbin_pay_onlines` VALUES (82, '201903231361665357', 'wj199063', '人民币', '单笔1万', '2019-03-23 00:18:55', '二维支付', 1000.00, 1000.00, 1, '畅支付', '畅支付 (畅支付（tbzd）)', '2019-03-23 17:49:54', '2019-03-23 17:49:54');
INSERT INTO `bbin_pay_onlines` VALUES (83, '201903231361665429', 'hong1994', '人民币', 'B◆单笔500', '2019-03-23 00:19:00', '二维支付', 200.00, 200.00, 1, '迅捷付', '迅捷付 (迅捷（5568）)', '2019-03-23 17:49:54', '2019-03-23 17:49:54');
INSERT INTO `bbin_pay_onlines` VALUES (84, '201903231361665441', 'chris888', '人民币', '测试层级', '2019-03-23 00:19:00', '二维支付', 500.00, 500.00, 0, '畅支付', '畅支付 (畅支付（tbzd）)', '2019-03-23 17:49:54', '2019-03-23 17:49:54');
INSERT INTO `bbin_pay_onlines` VALUES (85, '201903231361665507', 'yang152356', '人民币', 'B◆单笔5000', '2019-03-23 00:19:05', '二维支付', 400.00, 400.00, 1, '迅捷付', '迅捷付 (迅捷（5568）)', '2019-03-23 17:49:54', '2019-03-23 17:49:54');
INSERT INTO `bbin_pay_onlines` VALUES (86, '201903231361665712', 'yuyaoyao123', '人民币', 'B◆单笔5000', '2019-03-23 00:19:18', '人民币借记卡', 90.00, 90.00, 1, '星航支付', '星航支付 (星航支付（204）)', '2019-03-23 17:49:54', '2019-03-23 17:49:54');
INSERT INTO `bbin_pay_onlines` VALUES (87, '201903231361666229', 'x215521', '人民币', '无返水无优惠', '2019-03-23 00:19:53', '二维支付', 100.00, 100.00, 0, '迅捷付', '迅捷付 (迅捷（5568）)', '2019-03-23 17:49:54', '2019-03-23 17:49:54');
INSERT INTO `bbin_pay_onlines` VALUES (88, '201903231361666241', 'l123321', '人民币', 'B◆单笔5000', '2019-03-23 00:19:54', '二维支付', 1000.00, 1000.00, 1, '迅捷付', '迅捷付 (迅捷（5568）)', '2019-03-23 17:49:54', '2019-03-23 17:49:54');
INSERT INTO `bbin_pay_onlines` VALUES (89, '201903231361666245', 'cc3466720', '人民币', '一星会员', '2019-03-23 00:19:54', '二维支付', 2800.00, 2800.00, 1, '迅捷付', '迅捷付 (迅捷（5568）)', '2019-03-23 17:49:54', '2019-03-23 17:49:54');
INSERT INTO `bbin_pay_onlines` VALUES (90, '201903231361666668', 'qwe7788521', '人民币', '未分層', '2019-03-23 00:20:22', '手机支付', 50.00, 50.00, 1, '个付', '个付 (个付（9333）)', '2019-03-23 17:49:54', '2019-03-23 17:49:54');
INSERT INTO `bbin_pay_onlines` VALUES (91, '201903231361666671', 'yang999', '人民币', '一个月没存款', '2019-03-23 00:20:22', '手机支付', 50.00, 50.00, 0, '个付', '个付 (个付（9333）)', '2019-03-23 17:49:55', '2019-03-23 17:49:55');
INSERT INTO `bbin_pay_onlines` VALUES (92, '201903231361666784', 'wqt262610', '人民币', '单笔1000', '2019-03-23 00:20:32', '二维支付', 300.00, 300.00, 1, '畅支付', '畅支付 (畅支付（tbzd）)', '2019-03-23 17:49:55', '2019-03-23 17:49:55');
INSERT INTO `bbin_pay_onlines` VALUES (93, '201903231361667077', 'yang999', '人民币', '一个月没存款', '2019-03-23 00:20:52', '手机支付', 50.00, 50.00, 0, '个付', '个付 (个付（9333）)', '2019-03-23 17:49:55', '2019-03-23 17:49:55');
INSERT INTO `bbin_pay_onlines` VALUES (94, '201903231361667264', '99606', '人民币', 'D2层级', '2019-03-23 00:21:06', '二维支付', 200.00, 200.00, 1, '迅捷付', '迅捷付 (迅捷（5568）)', '2019-03-23 17:49:55', '2019-03-23 17:49:55');
INSERT INTO `bbin_pay_onlines` VALUES (95, '201903231361667497', 'yang999', '人民币', '一个月没存款', '2019-03-23 00:21:21', '二维支付', 100.00, 100.00, 0, '迅捷付', '迅捷付 (迅捷（5568）)', '2019-03-23 17:49:55', '2019-03-23 17:49:55');
INSERT INTO `bbin_pay_onlines` VALUES (96, '201903231361667517', 'zhang850128', '人民币', '无返水无优惠', '2019-03-23 00:21:22', '二维支付', 5000.00, 5000.00, 1, '迅捷付', '迅捷付 (迅捷（5568）)', '2019-03-23 17:49:55', '2019-03-23 17:49:55');
INSERT INTO `bbin_pay_onlines` VALUES (97, '201903231361667698', 'z1184942363', '人民币', '单笔1万', '2019-03-23 00:21:35', '二维支付', 500.00, 500.00, 1, '迅捷付', '迅捷付 (迅捷（5568）)', '2019-03-23 17:49:55', '2019-03-23 17:49:55');
INSERT INTO `bbin_pay_onlines` VALUES (98, '201903231361667719', 'yang999', '人民币', '一个月没存款', '2019-03-23 00:21:38', '手机支付', 50.00, 50.00, 0, '个付', '个付 (个付（9333）)', '2019-03-23 17:49:55', '2019-03-23 17:49:55');
INSERT INTO `bbin_pay_onlines` VALUES (99, '201903231361668111', 'liujun12345', '人民币', 'D1层级', '2019-03-23 00:22:04', '手机支付', 20.00, 20.00, 1, '个付', '个付 (个付（9333）)', '2019-03-23 17:49:55', '2019-03-23 17:49:55');
INSERT INTO `bbin_pay_onlines` VALUES (100, '201903231361668121', 'yb8888', '人民币', 'D2层级', '2019-03-23 00:22:05', '二维支付', 500.00, 500.00, 1, '畅支付', '畅支付 (畅支付（tbzd）)', '2019-03-23 17:49:55', '2019-03-23 17:49:55');
INSERT INTO `bbin_pay_onlines` VALUES (101, '201903231361668438', 'kang15129102', '人民币', 'C2层级', '2019-03-23 00:22:30', '二维支付', 100.00, 100.00, 1, '迅捷付', '迅捷付 (迅捷（5568）)', '2019-03-23 17:49:56', '2019-03-23 17:49:56');
INSERT INTO `bbin_pay_onlines` VALUES (102, '201903231361668564', 'yang999', '人民币', '一个月没存款', '2019-03-23 00:22:39', '手机支付', 50.00, 50.00, 0, '个付', '个付 (个付（9333）)', '2019-03-23 17:49:56', '2019-03-23 17:49:56');
INSERT INTO `bbin_pay_onlines` VALUES (103, '201903231361668765', 'hakmi2016', '人民币', 'B◆单笔500', '2019-03-23 00:22:55', '二维支付', 200.00, 200.00, 1, '迅捷付', '迅捷付 (迅捷（5568）)', '2019-03-23 17:49:56', '2019-03-23 17:49:56');
INSERT INTO `bbin_pay_onlines` VALUES (104, '201903231361668970', 'ahai699', '人民币', '一星会员', '2019-03-23 00:23:10', '二维支付', 5000.00, 5000.00, 1, '迅捷付', '迅捷付 (迅捷（5568）)', '2019-03-23 17:49:56', '2019-03-23 17:49:56');
INSERT INTO `bbin_pay_onlines` VALUES (105, '201903231361669110', 'hfw666888', '人民币', 'B◆单笔5000', '2019-03-23 00:23:18', '手机支付', 100.00, 100.00, 0, '星航支付', '星航支付 (星航支付（204）)', '2019-03-23 17:49:56', '2019-03-23 17:49:56');
INSERT INTO `bbin_pay_onlines` VALUES (106, '201903231361669753', 'kfwnn6688', '人民币', '无返水无优惠', '2019-03-23 00:24:04', '二维支付', 3000.00, 3000.00, 1, '迅捷付', '迅捷付 (迅捷（5568）)', '2019-03-23 17:49:56', '2019-03-23 17:49:56');
INSERT INTO `bbin_pay_onlines` VALUES (107, '201903231361669773', 'a13699308859', '人民币', '未分層', '2019-03-23 00:24:05', '二维支付', 100.00, 100.00, 0, '个付', '个付 (个付（9333）)', '2019-03-23 17:49:56', '2019-03-23 17:49:56');
INSERT INTO `bbin_pay_onlines` VALUES (108, '201903231361669786', 'we127056725', '人民币', 'B◆单笔1000', '2019-03-23 00:24:06', '二维支付', 5000.00, 5000.00, 1, '迅捷付', '迅捷付 (迅捷（5568）)', '2019-03-23 17:49:56', '2019-03-23 17:49:56');
INSERT INTO `bbin_pay_onlines` VALUES (109, '201903231361669831', 'a13699308859', '人民币', '未分層', '2019-03-23 00:24:08', '二维支付', 100.00, 100.00, 0, '个付', '个付 (个付（9333）)', '2019-03-23 17:49:56', '2019-03-23 17:49:56');
INSERT INTO `bbin_pay_onlines` VALUES (110, '201903231361670948', 'bian123321', '人民币', '单笔1000', '2019-03-23 00:25:28', '二维支付', 1000.00, 1000.00, 1, '畅支付', '畅支付 (畅支付（tbzd）)', '2019-03-23 17:49:56', '2019-03-23 17:49:56');
INSERT INTO `bbin_pay_onlines` VALUES (111, '201903231361671478', 'ruixi1223', '人民币', 'D2层级', '2019-03-23 00:26:06', '手机支付', 1000.00, 1000.00, 0, '星航支付', '星航支付 (星航支付（204）)', '2019-03-23 17:49:57', '2019-03-23 17:49:57');
INSERT INTO `bbin_pay_onlines` VALUES (112, '201903231361671542', 'a13699308859', '人民币', '未分層', '2019-03-23 00:26:10', '手机支付', 100.00, 100.00, 0, '个付', '个付 (个付（9333）)', '2019-03-23 17:49:57', '2019-03-23 17:49:57');
INSERT INTO `bbin_pay_onlines` VALUES (113, '201903231361672637', '18257875577', '人民币', '无返水无优惠', '2019-03-23 00:27:28', '二维支付', 1500.00, 1500.00, 1, '迅捷付', '迅捷付 (迅捷（5568）)', '2019-03-23 17:49:57', '2019-03-23 17:49:57');
INSERT INTO `bbin_pay_onlines` VALUES (114, '201903231361672710', '13717459947w', '人民币', '一星会员', '2019-03-23 00:27:33', '手机支付', 1200.00, 1200.00, 0, '星航支付', '星航支付 (星航支付（204）)', '2019-03-23 17:49:57', '2019-03-23 17:49:57');
INSERT INTO `bbin_pay_onlines` VALUES (115, '201903231361672810', 'qqq7543079', '人民币', 'B◆单笔5000', '2019-03-23 00:27:39', '二维支付', 100.00, 100.00, 1, '迅捷付', '迅捷付 (迅捷（5568）)', '2019-03-23 17:49:57', '2019-03-23 17:49:57');
INSERT INTO `bbin_pay_onlines` VALUES (116, '201903231361672824', 'liming092611', '人民币', '一星会员', '2019-03-23 00:27:40', '二维支付', 200.00, 200.00, 0, '百盛支付', '百盛支付 (百盛支付（Tony）)', '2019-03-23 17:49:57', '2019-03-23 17:49:57');
INSERT INTO `bbin_pay_onlines` VALUES (117, '201903231361673119', 'cf1314521', '人民币', 'B◆单笔1000', '2019-03-23 00:27:59', '二维支付', 300.00, 300.00, 1, '迅捷付', '迅捷付 (迅捷（5568）)', '2019-03-23 17:49:57', '2019-03-23 17:49:57');
INSERT INTO `bbin_pay_onlines` VALUES (118, '201903231361673253', 'mqj2019', '人民币', 'D1层级', '2019-03-23 00:28:09', '二维支付', 100.00, 100.00, 1, '迅捷付', '迅捷付 (迅捷（5568）)', '2019-03-23 17:49:57', '2019-03-23 17:49:57');
INSERT INTO `bbin_pay_onlines` VALUES (119, '201903231361673282', 'jnx77777', '人民币', 'D1层级', '2019-03-23 00:28:10', '手机支付', 49.00, 49.00, 1, '个付', '个付 (个付（9333）)', '2019-03-23 17:49:57', '2019-03-23 17:49:57');
INSERT INTO `bbin_pay_onlines` VALUES (120, '201903231361673412', 'z1579014687', '人民币', '单笔499以下', '2019-03-23 00:28:20', '二维支付', 500.00, 500.00, 0, '畅支付', '畅支付 (畅支付（tbzd）)', '2019-03-23 17:49:57', '2019-03-23 17:49:57');
INSERT INTO `bbin_pay_onlines` VALUES (121, '201903231361673694', 'w18116753592', '人民币', '单笔500', '2019-03-23 00:28:39', '二维支付', 200.00, 200.00, 1, '迅捷付', '迅捷付 (迅捷（5568）)', '2019-03-23 17:49:58', '2019-03-23 17:49:58');
INSERT INTO `bbin_pay_onlines` VALUES (122, '201903231361673811', 'bian123321', '人民币', '单笔1000', '2019-03-23 00:28:48', '二维支付', 1000.00, 1000.00, 1, '畅支付', '畅支付 (畅支付（tbzd）)', '2019-03-23 17:49:58', '2019-03-23 17:49:58');
INSERT INTO `bbin_pay_onlines` VALUES (123, '201903231361673918', 'lxr3699', '人民币', 'B◆单笔499以下', '2019-03-23 00:28:56', '手机支付', 50.00, 50.00, 1, '个付', '个付 (个付（9333）)', '2019-03-23 17:49:58', '2019-03-23 17:49:58');
INSERT INTO `bbin_pay_onlines` VALUES (124, '201903231361674045', 'juan1987', '人民币', 'D1层级', '2019-03-23 00:29:05', '手机支付', 20.00, 20.00, 0, '个付', '个付 (个付（9333）)', '2019-03-23 17:49:58', '2019-03-23 17:49:58');
INSERT INTO `bbin_pay_onlines` VALUES (125, '201903231361674056', 'yang999', '人民币', '一个月没存款', '2019-03-23 00:29:05', '手机支付', 50.00, 50.00, 0, '个付', '个付 (个付（9333）)', '2019-03-23 17:49:58', '2019-03-23 17:49:58');
INSERT INTO `bbin_pay_onlines` VALUES (126, '201903231361674217', 'zhang850128', '人民币', '无返水无优惠', '2019-03-23 00:29:16', '二维支付', 5000.00, 5000.00, 1, '迅捷付', '迅捷付 (迅捷（5568）)', '2019-03-23 17:49:58', '2019-03-23 17:49:58');
INSERT INTO `bbin_pay_onlines` VALUES (127, '201903231361674255', 'meigui999', '人民币', 'B◆单笔5000', '2019-03-23 00:29:18', '手机支付', 300.00, 300.00, 0, '星航支付', '星航支付 (星航支付（204）)', '2019-03-23 17:49:58', '2019-03-23 17:49:58');
INSERT INTO `bbin_pay_onlines` VALUES (128, '201903231361674424', 'hj282597890', '人民币', 'B◆单笔499以下', '2019-03-23 00:29:29', '二维支付', 100.00, 100.00, 1, '迅捷付', '迅捷付 (迅捷（5568）)', '2019-03-23 17:49:58', '2019-03-23 17:49:58');
INSERT INTO `bbin_pay_onlines` VALUES (129, '201903231361674798', '18209595921', '人民币', 'B◆单笔1000', '2019-03-23 00:29:53', '二维支付', 100.00, 100.00, 1, '迅捷付', '迅捷付 (迅捷（5568）)', '2019-03-23 17:49:58', '2019-03-23 17:49:58');
INSERT INTO `bbin_pay_onlines` VALUES (130, '201903231361675058', 'we127056725', '人民币', 'B◆单笔1000', '2019-03-23 00:30:10', '二维支付', 5000.00, 5000.00, 0, '迅捷付', '迅捷付 (迅捷（5568）)', '2019-03-23 17:49:58', '2019-03-23 17:49:58');

-- ----------------------------
-- Table structure for migrations
-- ----------------------------
DROP TABLE IF EXISTS `migrations`;
CREATE TABLE `migrations`  (
  `id` int(10) UNSIGNED NOT NULL AUTO_INCREMENT,
  `migration` varchar(191) CHARACTER SET utf8mb4 COLLATE utf8mb4_unicode_ci NOT NULL,
  `batch` int(11) NOT NULL,
  PRIMARY KEY (`id`) USING BTREE
) ENGINE = InnoDB AUTO_INCREMENT = 5 CHARACTER SET = utf8mb4 COLLATE = utf8mb4_unicode_ci ROW_FORMAT = Dynamic;

-- ----------------------------
-- Records of migrations
-- ----------------------------
INSERT INTO `migrations` VALUES (1, '2014_10_12_000000_create_users_table', 1);
INSERT INTO `migrations` VALUES (2, '2014_10_12_100000_create_password_resets_table', 1);
INSERT INTO `migrations` VALUES (3, '2016_01_04_173148_create_admin_tables', 1);
INSERT INTO `migrations` VALUES (4, '2017_07_17_040159_create_config_table', 2);

-- ----------------------------
-- Table structure for password_resets
-- ----------------------------
DROP TABLE IF EXISTS `password_resets`;
CREATE TABLE `password_resets`  (
  `email` varchar(191) CHARACTER SET utf8mb4 COLLATE utf8mb4_unicode_ci NOT NULL,
  `token` varchar(191) CHARACTER SET utf8mb4 COLLATE utf8mb4_unicode_ci NOT NULL,
  `created_at` timestamp(0) NULL DEFAULT NULL,
  INDEX `password_resets_email_index`(`email`) USING BTREE
) ENGINE = InnoDB CHARACTER SET = utf8mb4 COLLATE = utf8mb4_unicode_ci ROW_FORMAT = Dynamic;

-- ----------------------------
-- Table structure for users
-- ----------------------------
DROP TABLE IF EXISTS `users`;
CREATE TABLE `users`  (
  `id` int(10) UNSIGNED NOT NULL AUTO_INCREMENT,
  `name` varchar(191) CHARACTER SET utf8mb4 COLLATE utf8mb4_unicode_ci NOT NULL,
  `email` varchar(191) CHARACTER SET utf8mb4 COLLATE utf8mb4_unicode_ci NOT NULL,
  `password` varchar(191) CHARACTER SET utf8mb4 COLLATE utf8mb4_unicode_ci NOT NULL,
  `remember_token` varchar(100) CHARACTER SET utf8mb4 COLLATE utf8mb4_unicode_ci NULL DEFAULT NULL,
  `created_at` timestamp(0) NULL DEFAULT NULL,
  `updated_at` timestamp(0) NULL DEFAULT NULL,
  PRIMARY KEY (`id`) USING BTREE,
  UNIQUE INDEX `users_email_unique`(`email`) USING BTREE
) ENGINE = InnoDB AUTO_INCREMENT = 1 CHARACTER SET = utf8mb4 COLLATE = utf8mb4_unicode_ci ROW_FORMAT = Dynamic;

SET FOREIGN_KEY_CHECKS = 1;
